-- phpMyAdmin SQL Dump
-- version 4.0.10.10
-- http://www.phpmyadmin.net
--
-- Host: localhost
-- Generation Time: Jan 23, 2016 at 12:23 PM
-- Server version: 5.5.40
-- PHP Version: 5.6.12

SET SQL_MODE = "NO_AUTO_VALUE_ON_ZERO";
SET time_zone = "+00:00";


/*!40101 SET @OLD_CHARACTER_SET_CLIENT=@@CHARACTER_SET_CLIENT */;
/*!40101 SET @OLD_CHARACTER_SET_RESULTS=@@CHARACTER_SET_RESULTS */;
/*!40101 SET @OLD_COLLATION_CONNECTION=@@COLLATION_CONNECTION */;
/*!40101 SET NAMES utf8 */;

--
-- Database: `allegalib`
--

-- --------------------------------------------------------

--
-- Table structure for table `albums`
--

CREATE TABLE IF NOT EXISTS `albums` (
  `id` int(11) NOT NULL AUTO_INCREMENT,
  `user_id` int(11) NOT NULL,
  `name` varchar(255) NOT NULL,
  `description` text,
  `created_at` timestamp NOT NULL DEFAULT CURRENT_TIMESTAMP,
  `updated_at` timestamp NULL DEFAULT NULL,
  `deleted_at` timestamp NULL DEFAULT NULL,
  PRIMARY KEY (`id`),
  KEY `user_id` (`user_id`)
) ENGINE=InnoDB  DEFAULT CHARSET=latin1 AUTO_INCREMENT=5 ;

--
-- Dumping data for table `albums`
--

INSERT INTO `albums` (`id`, `user_id`, `name`, `description`, `created_at`, `updated_at`, `deleted_at`) VALUES
(1, 1, 'Fermentum', 'Vestibulum fermentum accumsan metus, vitae commodo dui feugiat nec.', '2015-03-31 05:12:00', NULL, NULL),
(2, 1, 'Feugiat', NULL, '2015-03-31 05:12:00', NULL, NULL),
(3, 2, 'ok', 'ok', '2015-05-20 23:40:38', '2015-05-20 23:40:38', NULL),
(4, 2, 'ok', 'ok', '2015-05-25 02:23:45', '2015-05-25 02:23:45', NULL);

-- --------------------------------------------------------

--
-- Table structure for table `images`
--

CREATE TABLE IF NOT EXISTS `images` (
  `id` int(11) NOT NULL AUTO_INCREMENT,
  `user_id` int(11) NOT NULL,
  `album_id` int(11) DEFAULT NULL,
  `name` varchar(255) DEFAULT NULL,
  `description` text,
  `image_name` varchar(255) NOT NULL,
  `image_url` varchar(255) NOT NULL,
  `image_size` int(11) NOT NULL,
  `image_mime` varchar(45) NOT NULL,
  `image_width` double NOT NULL,
  `image_height` double NOT NULL,
  `image_date_taken` timestamp NULL DEFAULT NULL,
  `sign_number` varchar(255) DEFAULT NULL,
  `created_at` timestamp NOT NULL DEFAULT CURRENT_TIMESTAMP ON UPDATE CURRENT_TIMESTAMP,
  `updated_at` timestamp NULL DEFAULT NULL,
  `deleted_at` timestamp NULL DEFAULT NULL,
  PRIMARY KEY (`id`),
  KEY `user_id` (`user_id`),
  KEY `album_id` (`album_id`)
) ENGINE=InnoDB  DEFAULT CHARSET=latin1 AUTO_INCREMENT=491 ;

--
-- Dumping data for table `images`
--

INSERT INTO `images` (`id`, `user_id`, `album_id`, `name`, `description`, `image_name`, `image_url`, `image_size`, `image_mime`, `image_width`, `image_height`, `image_date_taken`, `sign_number`, `created_at`, `updated_at`, `deleted_at`) VALUES
(1, 1, 1, 'Donec nec', 'new description', 'eps2artetawithnomadlogo.jpg', '19fc41b27554687396e62c23c4c37f463.jpeg', 103617, 'image/jpeg', 1920, 1080, NULL, NULL, '2015-11-12 03:14:56', '2015-11-12 03:14:56', NULL),
(2, 1, 2, 'justo id justo', 'Vestibulum fermentum accumsan metus, vitae commodo dui feugiat nec.', '', '02c078846b5bb6bea507ace3477f62a8.jpg', 0, '', 1, 0, NULL, NULL, '2015-04-06 18:49:00', '2015-03-27 14:59:24', NULL),
(3, 2, 2, 'tempor malesuada', 'Phasellus vel scelerisque lacus. Mauris vel lectus ac urna vulputate vehicula ut et orci. Vivamus lacinia iaculis lacus, non posuere neque laoreet quis. Aenean at neque eu tellus laoreet faucibus a a nulla. Phasellus scelerisque turpis quis dapibus aliquam.', '', '4b85c2f9b3c322d980c3cf7a770e270d.jpg', 0, '', 1, 0, NULL, NULL, '2015-04-06 18:49:00', '2015-03-27 14:59:24', NULL),
(4, 2, NULL, 'Lorem ipsum dolor', NULL, '1mb.PNG', '6effbd79f65c2a2eef400522d2ec7ade.jpg', 42375, 'image/png', 1, 0, NULL, NULL, '2015-04-06 18:49:00', '2015-03-28 02:00:54', NULL),
(5, 2, 2, NULL, NULL, 'anata.jpg', '7cd29e285a54cb6a7e25d807a571bfc8.jpg', 74536, 'image/jpeg', 1, 0, NULL, NULL, '2015-04-06 18:49:00', '2015-03-28 07:59:55', NULL),
(6, 2, 1, 'consectetur adipiscing elit', 'Suspendisse commodo posuere lacus, in scelerisque dolor semper vehicula. Nulla vel velit vestibulum dui ullamcorper luctus. Quisque felis dui, tempus sit amet viverra id, ornare et lorem.', 'anata.jpg', '9f9a35d065353bcc5e83387c17b583cb.jpg', 74536, 'image/jpeg', 1, 0, NULL, NULL, '2015-04-06 18:49:00', '2015-03-28 07:57:50', NULL),
(7, 2, 1, 'Etiam vehicula ex in sem lacinia pellentesque', 'Nulla et ipsum a lorem fermentum sodales id eu urna. Suspendisse sit amet tortor eu nunc aliquet molestie quis eu urna.', '1mb.PNG', '073423dd1301b3322b4230bc9192e36f.jpg', 42375, 'image/png', 1, 0, NULL, NULL, '2015-04-06 18:49:00', '2015-03-28 08:06:13', NULL),
(8, 2, 1, NULL, 'Donec nec justo id justo tempor malesuada. Lorem ipsum dolor sit amet, consectetur adipiscing elit. Etiam vehicula ex in sem lacinia pellentesque. Proin rhoncus massa ut magna suscipit aliquet. Suspendisse potenti. In pharetra vestibulum commodo. Curabitur tortor nisl, posuere non mattis sed, tempor ac justo. Morbi quis condimentum quam, at bibendum est. Sed at metus nec libero laoreet rhoncus consectetur in diam.', 'p4.jpg', '2131231231231231231232343454645.jpg', 2860, 'image/jpeg', 1, 0, NULL, NULL, '2015-04-06 18:49:00', '2015-03-29 12:00:25', NULL),
(9, 2, 1, NULL, NULL, 'p4.jpg', '4113186_20131017080951.jpg', 2860, 'image/jpeg', 2, 0, NULL, NULL, '2015-04-06 18:50:27', '2015-03-29 12:00:49', NULL),
(10, 2, NULL, 'Etiam vitae tempus justo', 'Etiam vitae tempus justo, id porttitor est.', 'p4.jpg', '9345724b615824fa912c60b76827163d.jpg', 2860, 'image/jpeg', 1, 0, NULL, NULL, '2015-04-06 18:49:00', '2015-03-29 12:00:52', NULL),
(11, 2, NULL, NULL, NULL, 'p4.jpg', '51590525e313e0f292deded83c22c167.jpg', 2860, 'image/jpeg', 1, 0, NULL, NULL, '2015-04-06 18:49:00', '2015-03-29 12:01:07', NULL),
(12, 2, NULL, NULL, 'Vivamus euismod non tellus eu accumsan. ', 'p5.jpg', 'a5fb9fae68628569a92ff9c14bfd66b0.jpg', 11168, 'image/jpeg', 1, 0, NULL, NULL, '2015-04-06 18:49:00', '2015-03-29 13:14:11', NULL),
(13, 2, NULL, 'Morbi quis', ' Morbi quis condimentum quam, at bibendum est. Sed at metus nec libero laoreet rhoncus consectetur in diam.', 'p5.jpg', 'ab97601f17015694fec63facafaf90aa.jpg', 11168, 'image/jpeg', 1, 0, NULL, NULL, '2015-04-06 18:49:00', '2015-03-29 13:15:20', NULL),
(14, 2, NULL, 'gravida', 'Vivamus at lacinia ante, accumsan gravida justo. Suspendisse nec luctus dolor. Fusce non lacus justo. Donec aliquam sagittis dapibus. Aliquam at nunc at ex varius feugiat.', 'p5.jpg', 'bd0fe3522531b4fc35dbef0b5be00edb.jpg', 11168, 'image/jpeg', 1, 0, NULL, NULL, '2015-04-06 18:49:00', '2015-03-29 13:17:00', NULL),
(15, 2, NULL, 'cinta_brontosaurus_xlg.jpg', 'Uploaded from nomad', 'phpQFjy0M', '966d3996c8f626571036165ede555986ab.jpeg', 471488, 'image/jpeg', 1053, 1500, NULL, NULL, '2015-06-14 09:09:19', '2015-06-14 00:26:41', NULL),
(16, 2, NULL, 'get_married_four_xlg.jpg', 'Uploaded from nomad', 'phpqCmxxg', '97388141548e7074463f280d60b422dff5.jpeg', 548332, 'image/jpeg', 1052, 1500, NULL, NULL, '2015-06-14 09:09:23', '2015-06-14 00:30:40', NULL),
(17, 2, NULL, '1c9aaca2366df9accbc0bdcee14e9c5d.jpg', 'Uploaded from nomad', 'phpo7A1cs', '98c15cbd70fdf5f8abe35f5d8401339b43.jpeg', 16084, 'image/jpeg', 236, 331, NULL, NULL, '2015-06-14 09:09:25', '2015-06-14 00:31:03', NULL),
(18, 2, NULL, 'hafalan_shalat_delisa_xlg.jpg', 'Uploaded from nomad', 'phpqYifZl', '993b4cc7a0829d02f1bc80e145053c06d0.jpeg', 567703, 'image/jpeg', 1052, 1500, NULL, NULL, '2015-06-14 09:09:28', '2015-06-14 00:31:21', NULL),
(19, 2, NULL, 'operation_wedding_ver3_xlg.jpg', 'Uploaded from nomad', 'phpsQK6gC', '100172bed37549f267bd13f7ef212757bc9.jpeg', 528863, 'image/jpeg', 1052, 1500, NULL, NULL, '2015-06-14 09:09:31', '2015-06-14 00:31:49', NULL),
(20, 2, NULL, 'slank_nggak_ada_matinya_xlg.jpg', 'Uploaded from nomad', 'phpATXQs4', '10174988b50642e4ecd7a81c8d7c15bf341.jpeg', 442951, 'image/jpeg', 1052, 1500, NULL, NULL, '2015-06-14 09:09:48', '2015-06-14 00:32:17', NULL),
(21, 2, NULL, 'purple_love_xlg.jpg', 'Uploaded from nomad', 'phpFkiuOS', '1029fb62552f4613d010e50abf47a201bf4.jpeg', 519821, 'image/jpeg', 1053, 1500, NULL, NULL, '2015-06-14 09:09:52', '2015-06-14 00:32:40', NULL),
(22, 2, NULL, 'KW-1.jpg', 'Uploaded from nomad edutainment', 'phpupo6TJ', '2252714fca223c34480f74444ab5bdffad.jpeg', 149972, 'image/jpeg', 1080, 1003, NULL, NULL, '2015-06-15 07:04:08', '2015-06-15 00:04:08', NULL),
(23, 2, NULL, 'Bola-Basket.jpg', 'Uploaded from nomad edutainment', 'phpS5uaeq', '2368640e9bbe63b86c92e87a852f607960.jpeg', 128407, 'image/jpeg', 1080, 1003, '2015-04-29 04:15:36', NULL, '2015-06-15 07:08:24', '2015-06-15 00:08:24', NULL),
(24, 2, NULL, 'Yoga.jpg', 'Uploaded from nomad edutainment', 'php4kl7GA', '24dc258e5cf0b4150fba82adc27387b29d.jpeg', 106102, 'image/jpeg', 1080, 1003, '2015-04-29 04:18:24', NULL, '2015-06-15 07:12:17', '2015-06-15 00:12:17', NULL),
(25, 2, NULL, 'Fun-in-Bali.jpg', 'Uploaded from nomad edutainment', 'phpJpCF2q', '25ec57c330cf91843f731a735baf1b4e99.jpeg', 229511, 'image/jpeg', 1080, 1003, NULL, NULL, '2015-06-15 07:12:47', '2015-06-15 00:12:47', NULL),
(26, 2, NULL, 'pasarsanta-gondola-ice-cream.jpg', 'Uploaded from nomad edutainment', 'phpHtcPJD', '26abb532c21db0c07bf2a77131057baff1.jpeg', 164630, 'image/jpeg', 1080, 1003, '2015-05-18 03:05:30', NULL, '2015-06-15 07:20:54', '2015-06-15 00:20:54', NULL),
(27, 2, NULL, 'pasarsanta-roast-beef-gusto.jpg', 'Uploaded from nomad edutainment', 'phpFhUvf7', '275dd109964b477e399b8b8922648e4f6a.jpeg', 123731, 'image/jpeg', 1080, 1003, NULL, NULL, '2015-06-15 07:26:14', '2015-06-15 00:26:14', NULL),
(28, 2, NULL, 'photography-AR-Test.jpg', 'Uploaded from nomad edutainment', 'phpiX44MF', '287f54dea7ebcba65e4512664c87c44d4d.jpeg', 87383, 'image/jpeg', 1080, 1003, NULL, NULL, '2015-06-15 07:26:56', '2015-06-15 00:26:56', NULL),
(29, 2, NULL, 'Beauty-Story.jpg', 'Uploaded from nomad edutainment', 'phpD8MED7', '291e0738e2136342257e2b5b6122299869.jpeg', 75097, 'image/jpeg', 1080, 1003, NULL, NULL, '2015-06-15 07:27:42', '2015-06-15 00:27:42', NULL),
(30, 2, NULL, 'langsung-enak-chicken-grilled-salad.jpg', 'Uploaded from nomad edutainment', 'phpIiyHGE', '3064c366f6f8e892a32e2f27ecc631c050.jpeg', 152017, 'image/jpeg', 1080, 1003, NULL, NULL, '2015-06-15 07:28:23', '2015-06-15 00:28:23', NULL),
(31, 2, NULL, 'selebriti-1.jpg', 'Uploaded from nomad edutainment', 'phphrHcJy', '31fed353ff9e920992490caf7d9e46e7a1.jpeg', 126132, 'image/jpeg', 1080, 1003, '2015-04-29 07:02:58', NULL, '2015-06-15 07:28:59', '2015-06-15 00:28:59', NULL),
(32, 2, NULL, 'selebriti-eduard-betz.jpg', 'Uploaded from nomad edutainment', 'phprFwXMk', '32c0d91aaa572e76f70ce907a66268847c.jpeg', 80282, 'image/jpeg', 1080, 1003, NULL, NULL, '2015-06-15 07:29:30', '2015-06-15 00:29:30', NULL),
(33, 2, NULL, 'KW-2.jpg', 'Uploaded from nomad edutainment', 'php0LKoJZ', '338f74f0a93e3b81ad4474f8688b49ebd2.jpeg', 234589, 'image/jpeg', 1080, 1003, NULL, NULL, '2015-06-15 07:29:54', '2015-06-15 00:29:54', NULL),
(34, 2, NULL, 'pasarsanta-tsurro.jpg', 'Uploaded from nomad edutainment', 'php7vFsUF', '34f8f98ff2e98a1ab7c78fdb13e15ceddf.jpeg', 166532, 'image/jpeg', 1080, 1003, '2015-05-18 03:11:10', NULL, '2015-06-15 07:30:53', '2015-06-15 00:30:53', NULL),
(35, 2, NULL, 'selebriti-nigel-baker-photographer.jpg', 'Uploaded from nomad edutainment', 'phphCJK2A', '357079876c969447a08f28152df19bec2c.jpeg', 85319, 'image/jpeg', 1080, 1003, NULL, NULL, '2015-06-15 07:31:24', '2015-06-15 00:31:24', NULL),
(36, 2, NULL, 'sabrina-kitchen-panacotta.jpg', 'Uploaded from nomad edutainment', 'php7jvse0', '3685c9b03a4574b96f7704d76aeeb83146.jpeg', 354703, 'image/jpeg', 1080, 1003, NULL, NULL, '2015-06-15 07:31:56', '2015-06-15 00:31:56', NULL),
(37, 2, NULL, 'sabrina-kitchen-pumpkin-soup.jpg', 'Uploaded from nomad edutainment', 'phpXvGE9s', '3770cf275c9ff23c170252d26d986e74ff.jpeg', 274438, 'image/jpeg', 1080, 1003, NULL, NULL, '2015-06-15 07:33:38', '2015-06-15 00:33:38', NULL),
(38, 2, NULL, 'sabrina-kitchen-roasted-chicken.jpg', 'Uploaded from nomad edutainment', 'phpPeJM3W', '38dc02bf0fa6842c5b881ebc9f92e0cb00.jpeg', 118119, 'image/jpeg', 1080, 1003, '2015-05-18 03:08:48', NULL, '2015-06-15 07:34:13', '2015-06-15 00:34:13', NULL),
(39, 2, NULL, 'langsung-enak-chicken-grilled-salad.jpg', 'Uploaded from nomad edutainment', 'phpccD6AA', '39a72d5251b1a8044192089fe0fe586b71.jpeg', 152017, 'image/jpeg', 1080, 1003, NULL, NULL, '2015-06-15 07:34:40', '2015-06-15 00:34:40', NULL),
(40, 2, NULL, 'langsung-enak-sosis-gulung-telor.jpg', 'Uploaded from nomad edutainment', 'phpsZGeTl', '402e8146a72d33a608ad06418abde90dbb.jpeg', 225481, 'image/jpeg', 1080, 1003, NULL, NULL, '2015-06-15 07:35:18', '2015-06-15 00:35:18', NULL),
(41, 2, NULL, 'belajar-pemrogaman-android.jpg', 'Uploaded from nomad edutainment', 'phpctoLfw', '415f9570c6eb7f6858685ce6c699fa1eee.jpeg', 70015, 'image/jpeg', 1080, 1003, NULL, NULL, '2015-06-15 07:36:08', '2015-06-15 00:36:08', NULL),
(42, 2, NULL, 'belajar-seni-merangkai-bunga.jpg', 'Uploaded from nomad edutainment', 'php49Fvgj', '42a907d9fa3ce39fbdd79bf78957b9c321.jpeg', 146537, 'image/jpeg', 1080, 1003, NULL, NULL, '2015-06-15 07:36:48', '2015-06-15 00:36:48', NULL),
(43, 2, NULL, 'belajar-tari-bali.jpg', 'Uploaded from nomad edutainment', 'phpmpyScE', '430371e8360cdb8a5d3e4601e255c884e2.jpeg', 176209, 'image/jpeg', 1080, 1003, NULL, NULL, '2015-06-15 07:37:33', '2015-06-15 00:37:33', NULL),
(44, 2, NULL, 'KW-3.jpg', 'Uploaded from nomad edutainment', 'php1xteaQ', '444da6d02fcb81adfb2ea63218791f97a7.jpeg', 265310, 'image/jpeg', 1080, 1003, NULL, NULL, '2015-06-15 07:37:59', '2015-06-15 00:37:59', NULL),
(45, 2, NULL, 'belajar-gitar-bersama-andy-pradipta.jpg', 'Uploaded from nomad edutainment', 'phpOmKuw4', '4575a3e4edd85fbe2a9abd90e6a8b5dcea.jpeg', 147732, 'image/jpeg', 1080, 1003, NULL, NULL, '2015-06-15 07:38:27', '2015-06-15 00:38:27', NULL),
(46, 2, NULL, 'belajar-gitar-bersama-andy-pradipta.jpg', 'Uploaded from nomad edutainment', 'phpfoAy0M', '46a2bad565fdbc3b7d372b086170ca4d86.jpeg', 147732, 'image/jpeg', 1080, 1003, NULL, NULL, '2015-06-15 07:38:31', '2015-06-15 00:38:31', NULL),
(47, 2, NULL, 'tips-pohon-mangga-cepat-berbuah.jpg', 'Uploaded from nomad edutainment', 'phpaAsFzQ', '47c5a1e9d0941f7456656919af4e19efec.jpeg', 286195, 'image/jpeg', 1080, 1003, NULL, NULL, '2015-06-15 07:41:22', '2015-06-15 00:41:22', NULL),
(48, 2, NULL, 'kisah-suksses-setelah-putus-sekolah.jpg', 'Uploaded from nomad edutainment', 'phpZyKT5D', '48ea1b1e19e46691ea52f3acadfbac4f08.jpeg', 56121, 'image/jpeg', 1080, 1003, NULL, NULL, '2015-06-15 07:41:46', '2015-06-15 00:41:46', NULL),
(49, 2, NULL, 'kursus-membuat-bakso.jpg', 'Uploaded from nomad edutainment', 'phpUb4eDI', '49d78ea062048aa840ccb08bf3cfaa209f.jpeg', 190385, 'image/jpeg', 1080, 1003, NULL, NULL, '2015-06-15 07:42:08', '2015-06-15 00:42:08', NULL),
(50, 2, NULL, 'resep-dan-cara-membuat-ice-cream.jpg', 'Uploaded from nomad edutainment', 'phpPnthBH', '508c65793289eeac0a8598ff09fa610ba2.jpeg', 203465, 'image/jpeg', 1080, 1003, NULL, NULL, '2015-06-15 07:42:41', '2015-06-15 00:42:41', NULL),
(51, 2, NULL, 'kursus-mekanik-motor.jpg', 'Uploaded from nomad edutainment', 'phpYwbJQC', '51135e6b28cc4cecdfd42cfaa1b709b54b.jpeg', 124096, 'image/jpeg', 1080, 1003, NULL, NULL, '2015-06-15 07:43:18', '2015-06-15 00:43:18', NULL),
(52, 2, NULL, 'pertandingan-kemahiran-bengkel-automotif.jpg', 'Uploaded from nomad edutainment', 'phpV4BiEU', '52ea8d39f89aec00e94b08a0b3e0b6233f.jpeg', 111239, 'image/jpeg', 1080, 1003, NULL, NULL, '2015-06-15 07:43:51', '2015-06-15 00:43:51', NULL),
(53, 2, NULL, 'rally-dakar.jpg', 'Uploaded from nomad edutainment', 'phpjXdGh4', '53a66ec8e74fbb31ee9352379a6fd8556d.jpeg', 269028, 'image/jpeg', 1080, 1003, NULL, NULL, '2015-06-15 07:44:19', '2015-06-15 00:44:19', NULL),
(54, 2, NULL, 'KW-4.jpg', 'Uploaded from nomad edutainment', 'phpIn3wr6', '545832c7c02a81e9d7bf2b594798777ab5.jpeg', 136693, 'image/jpeg', 1080, 1003, NULL, NULL, '2015-06-15 07:44:52', '2015-06-15 00:44:52', NULL),
(55, 2, NULL, 'Belajar-2.jpg', 'Uploaded from nomad edutainment', 'phpNrsxJ7', '55bd16475638c891fa290a445ede6cebfc.jpeg', 128198, 'image/jpeg', 1080, 1002, NULL, NULL, '2015-06-15 07:45:15', '2015-06-15 00:45:15', NULL),
(56, 2, NULL, 'Belajar-1.jpg', 'Uploaded from nomad edutainment', 'phptn4esG', '56af606777eaa14d0435ae7a855f42cb50.jpeg', 76379, 'image/jpeg', 1080, 1003, NULL, NULL, '2015-06-15 07:45:30', '2015-06-15 00:45:30', NULL),
(57, 2, NULL, 'Belajar-3.jpg', 'Uploaded from nomad edutainment', 'phpwkDNer', '57a405a4733ceb7e9d9259d018d9096c3c.jpeg', 79619, 'image/jpeg', 1080, 1003, NULL, NULL, '2015-06-15 07:45:49', '2015-06-15 00:45:49', NULL),
(58, 2, NULL, 'Belajar-4.jpg', 'Uploaded from nomad edutainment', 'phphbUprd', '584cd1de55878a036dd33558e64df3d341.jpeg', 117024, 'image/jpeg', 1080, 1003, NULL, NULL, '2015-06-15 07:46:07', '2015-06-15 00:46:07', NULL),
(59, 2, NULL, 'trailercintabrontosaurus.jpg', 'Uploaded from nomad movie clip', 'phpwo6VLO', '59d479947b19b689a565ffade2a0aed101.jpeg', 3370, 'image/jpeg', 169, 95, NULL, NULL, '2015-07-08 05:33:30', '2015-07-07 22:33:30', NULL),
(60, 2, NULL, 'trailergetmarried.jpg', 'Uploaded from nomad movie clip', 'phpXs8bRC', '6087bfbd03cdbf4b52599e7b061453938f.jpeg', 4278, 'image/jpeg', 169, 95, NULL, NULL, '2015-07-08 05:37:08', '2015-07-07 22:37:08', NULL),
(61, 2, NULL, 'trailervirgin.jpg', 'Uploaded from nomad movie clip', 'phpj9TXYJ', '61a6df7d36508b5ce599611199b63db7a6.jpeg', 3342, 'image/jpeg', 169, 95, NULL, NULL, '2015-07-08 05:38:33', '2015-07-07 22:38:33', NULL),
(62, 2, NULL, 'hafalanshalatdelisatrailer.jpg', 'Uploaded from nomad movie clip', 'phpWOwGdf', '623f818a3b50f478e3a8e6b07e1b71fae3.jpeg', 1038, 'image/jpeg', 169, 95, NULL, NULL, '2015-07-08 05:38:50', '2015-07-07 22:38:50', NULL),
(63, 2, NULL, 'operationweddingtrailer.jpg', 'Uploaded from nomad movie clip', 'php8TtHUf', '636f5118aaa4258a00975a064238cb74f8.jpeg', 4686, 'image/jpeg', 169, 95, NULL, NULL, '2015-07-08 05:39:17', '2015-07-07 22:39:17', NULL),
(64, 2, NULL, 'trailerslanknggakadamatinya.jpg', 'Uploaded from nomad movie clip', 'php5OrzDz', '646565531280fec350a26755a3eff86e87.jpeg', 3838, 'image/jpeg', 169, 95, NULL, NULL, '2015-07-08 05:42:05', '2015-07-07 22:42:05', NULL),
(65, 2, NULL, 'trailerpurplelove.jpg', 'Uploaded from nomad movie clip', 'phpMVQbVZ', '659c2f008fbd7bb0630d1f65092f197206.jpeg', 4354, 'image/jpeg', 169, 95, NULL, NULL, '2015-07-08 05:42:41', '2015-07-07 22:42:41', NULL),
(66, 2, NULL, '2008_horikita.jpg', 'Uploaded from nomad movie', 'phpWGfbVk', '662473c904dbc53fda33ebe18c1ef8f3cd.jpeg', 79632, 'image/jpeg', 350, 347, NULL, NULL, '2015-08-08 11:16:42', '2015-08-08 04:16:42', NULL),
(67, 2, NULL, 'lululul', 'uploaded from nomad live channel', 'rhg5SQKe2Ludvh2mSTl6i_Ndc7bgwKtnQ8DZ2ye9PngGOccB2qetE93DKj8JHApxivQ%3Dw300.png', '67cafa5c12aefc3d9921153f77cb6ea950.png', 72742, 'image/png', 300, 300, NULL, NULL, '2015-08-10 08:05:50', '2015-08-09 20:42:13', NULL),
(68, 2, NULL, NULL, NULL, '10462692_892452457467157_4106739406657170947_n.jpg', '680da143d6baf906b4c88307076cd9451e.jpeg', 4296, 'image/jpeg', 180, 180, NULL, NULL, '2015-08-11 11:02:05', '2015-08-11 04:02:05', NULL),
(69, 2, NULL, NULL, NULL, '715403_L.jpg', '6937e485eb6a4892b1a35c22bb35313d90.jpeg', 138609, 'image/jpeg', 500, 500, NULL, NULL, '2015-08-12 12:39:30', '2015-08-12 05:39:30', NULL),
(70, 2, NULL, NULL, NULL, 'V4HttpAssetRepositoryClient-ticket.weknlvte.jpg-4221017801182967045.600x600-75.jpg', '704dcfe63f219d865fad4bcbd4a0b47411.jpeg', 89694, 'image/jpeg', 600, 600, NULL, NULL, '2015-08-12 12:39:56', '2015-08-12 05:39:56', NULL),
(71, 2, NULL, NULL, NULL, 'Dewa_-_Laskar_Cinta.jpg', '71c0f5dcda56c250d002d68d4dce925d4b.jpeg', 21568, 'image/jpeg', 236, 240, NULL, NULL, '2015-08-12 12:40:29', '2015-08-12 05:40:29', NULL),
(72, 2, NULL, NULL, NULL, 'red-road-to-abex.jpg', '72b4bdcd8ddada2e5205ae023ff705efe2.jpeg', 72525, 'image/jpeg', 300, 300, NULL, NULL, '2015-08-12 12:40:56', '2015-08-12 05:40:56', NULL),
(73, 2, NULL, 'kabayan', NULL, '01-SI-KABAYAN-SABA-KOTA.jpg', '73e8f93e531f09ba502f3bac7507674c7e.jpeg', 40725, 'image/jpeg', 223, 320, NULL, NULL, '2015-08-19 04:34:49', '2015-08-18 21:34:49', NULL),
(74, 2, NULL, 'kabayan', NULL, '4b6b2339.jpg', '741040918c96d6a717d0ede66543bdeb44.jpeg', 70364, 'image/jpeg', 560, 800, NULL, NULL, '2015-08-19 04:35:34', '2015-08-18 21:35:34', NULL),
(75, 2, NULL, 'kabayan', NULL, '18%252B%252B-Forever-Love.jpg', '75c83a904d3396fe9717f297658b98c070.jpeg', 30732, 'image/jpeg', 224, 320, NULL, NULL, '2015-08-19 04:35:40', '2015-08-18 21:35:40', NULL),
(76, 2, NULL, 'kabayan', NULL, '220px-Tarix_Jabrix.jpg', '76b9be7434af11345d998490674cc618eb.jpeg', 22620, 'image/jpeg', 220, 314, NULL, NULL, '2015-08-19 04:35:44', '2015-08-18 21:35:44', NULL),
(77, 2, NULL, 'kabayan', NULL, 'Basah_film.jpg', '77d6a6d96a39821297943633066806adda.jpeg', 243605, 'image/jpeg', 850, 1215, NULL, NULL, '2015-08-19 04:35:49', '2015-08-18 21:35:49', NULL),
(78, 2, NULL, 'kabayan', NULL, 'Film_XXL.jpg', '78381ce4951caa9e8ee02ed9175dccf84f.jpeg', 52135, 'image/jpeg', 422, 604, NULL, NULL, '2015-08-19 04:35:53', '2015-08-18 21:35:53', NULL),
(79, 2, NULL, 'kabayan', NULL, 'Get_Married_2.jpg', '790a6ac83fcab8cc49ec54d2baa1a83281.jpeg', 29051, 'image/jpeg', 280, 400, NULL, NULL, '2015-08-19 04:35:57', '2015-08-18 21:35:57', NULL),
(80, 2, NULL, 'kabayan', NULL, 'heart.0.jpg', '800afcb277dd568bee25784ef7e519d773.jpeg', 9395, 'image/jpeg', 140, 205, NULL, NULL, '2015-08-19 04:36:02', '2015-08-18 21:36:02', NULL),
(81, 2, NULL, 'kabayan', NULL, 'lantai13.jpg', '813723f23a21b818d1a0d0ce231d15076f.jpeg', 127094, 'image/jpeg', 280, 401, NULL, NULL, '2015-08-19 04:36:05', '2015-08-18 21:36:05', NULL),
(82, 2, NULL, 'kabayan', NULL, 'Miracle-Jatuh-Dari-Surga.jpg', '821c4821ac99c8d3233528335ea30489b9.jpeg', 43255, 'image/jpeg', 351, 500, NULL, NULL, '2015-08-19 04:36:09', '2015-08-18 21:36:09', NULL),
(83, 2, NULL, 'kabayan', NULL, 'redcobex_poster450.jpg', '8328fae84ba42cb4bbbb3c3da478059051.jpeg', 44888, 'image/jpeg', 318, 450, NULL, NULL, '2015-08-19 04:36:14', '2015-08-18 21:36:14', NULL),
(84, 2, NULL, 'kabayan', NULL, 'sorban.jpg', '84387ada17d64e332640b13a76a7e15532.jpeg', 52454, 'image/jpeg', 420, 600, NULL, NULL, '2015-08-19 04:36:17', '2015-08-18 21:36:17', NULL),
(85, 2, NULL, 'kabayan', NULL, 'ustadz-jaka-1.jpg', '855dbf7c11e52ebafdec91199ef841da88.jpeg', 82905, 'image/jpeg', 1080, 545, NULL, NULL, '2015-08-19 05:35:30', '2015-08-18 22:35:30', NULL),
(86, 2, NULL, 'kabayan', NULL, 'kepadamu-aku-berserah-1.jpg', '868c7a08762581e53d8493480de95b39f4.jpeg', 92466, 'image/jpeg', 1080, 545, NULL, NULL, '2015-08-19 05:35:58', '2015-08-18 22:35:58', NULL),
(87, 2, NULL, 'kabayan', NULL, 'kutemukan-engkau-di-setiap-tahajudku-1.jpg', '8786257d9457a713c8250cc8c21f9e3551.jpeg', 152163, 'image/jpeg', 1080, 545, NULL, NULL, '2015-08-19 05:36:19', '2015-08-18 22:36:19', NULL),
(88, 2, NULL, 'kabayan', NULL, 'cahaya-cahaya-cintamu-1.jpg', '886aaf1d2b413af7232c02e366f7736f7c.jpeg', 79289, 'image/jpeg', 1080, 545, NULL, NULL, '2015-08-19 05:36:49', '2015-08-18 22:36:49', NULL),
(89, 2, NULL, 'kabayan', NULL, 'kepadamu-aku-berserah-1.jpg', '897fe75dfbe886b725a477a16288313f7f.jpeg', 92466, 'image/jpeg', 1080, 545, NULL, NULL, '2015-08-19 05:37:08', '2015-08-18 22:37:08', NULL),
(90, 2, NULL, NULL, NULL, 'ccm-episode1.jpg', '90afa9510ef8e204bdc356ad17f2c5cb8d.jpeg', 79809, 'image/jpeg', 1080, 545, NULL, NULL, '2015-08-25 04:45:53', '2015-08-24 21:45:53', NULL),
(91, 2, NULL, NULL, NULL, 'ccm-episode2.jpg', '911a78923f06e21d1bd76b8a3fa789fe73.jpeg', 49446, 'image/jpeg', 1080, 545, NULL, NULL, '2015-08-25 04:46:20', '2015-08-24 21:46:20', NULL),
(92, 2, NULL, NULL, NULL, 'ccm-episode3.jpg', '92eeda002efe957b451ce7dc5a83ed47bf.jpeg', 64899, 'image/jpeg', 1080, 545, NULL, NULL, '2015-08-25 04:46:34', '2015-08-24 21:46:34', NULL),
(93, 2, NULL, NULL, NULL, 'ccm-episode4.jpg', '93ee4c1bb5ff38ebca4e6e953206d63945.jpeg', 52166, 'image/jpeg', 1080, 545, NULL, NULL, '2015-08-25 04:46:51', '2015-08-24 21:46:51', NULL),
(94, 2, NULL, NULL, NULL, 'ccm-episode5.jpg', '9404357fe286afd3f141fae5de1232c336.jpeg', 80521, 'image/jpeg', 1080, 545, NULL, NULL, '2015-08-25 04:47:08', '2015-08-24 21:47:08', NULL),
(95, 2, NULL, NULL, NULL, 'ccm-episode6.jpg', '957fc9999b259af5f9e3108277c663cc01.jpeg', 79909, 'image/jpeg', 1080, 545, NULL, NULL, '2015-08-25 04:47:25', '2015-08-24 21:47:25', NULL),
(96, 2, NULL, NULL, NULL, 'ccm-episode7.jpg', '960860ec4ab81b1d97ad5e0676619003aa.jpeg', 46337, 'image/jpeg', 1080, 545, NULL, NULL, '2015-08-25 04:47:42', '2015-08-24 21:47:42', NULL),
(97, 2, NULL, NULL, NULL, 'cover-utama-ccm.jpg', '974c134b1666fdaa5c935ca7529f6816c1.jpeg', 42858, 'image/jpeg', 1080, 545, NULL, NULL, '2015-08-25 04:48:11', '2015-08-24 21:48:11', NULL),
(98, 2, NULL, NULL, NULL, 'Decision%20Poster.jpg', '9898cdd9cf1d8d951d77e4594d5c34fb7b.jpeg', 291730, 'image/jpeg', 1350, 2050, NULL, NULL, '2015-08-25 08:31:12', '2015-08-25 01:31:12', NULL),
(99, 2, NULL, NULL, NULL, 'The%20Gift%20Poster.jpg', '99a8a9a32830df1b87b65519dd9ff3dc1f.jpeg', 236498, 'image/jpeg', 1350, 2050, NULL, NULL, '2015-08-25 08:31:41', '2015-08-25 01:31:41', NULL),
(100, 2, NULL, NULL, NULL, 'Unspoken%20Valentine%20Poster.jpg', '100e2e2c16304b9fa7ef97b4efa0b883c00.jpeg', 234544, 'image/jpeg', 1350, 2050, NULL, NULL, '2015-08-25 08:31:55', '2015-08-25 01:31:55', NULL),
(101, 2, NULL, NULL, NULL, 'bup-vs-persib.jpg', '101c1a57d34088fd835a993ca5ae3ba3d86.jpeg', 40970, 'image/jpeg', 663, 382, NULL, NULL, '2015-08-29 05:07:20', '2015-08-28 22:07:20', NULL),
(102, 2, NULL, NULL, NULL, 'B-fnUixCEAAxqrv.jpg', '1021f00eb3e4bfce9b444e8eacf1e8719c2.jpeg', 33040, 'image/jpeg', 598, 312, NULL, NULL, '2015-08-29 05:08:09', '2015-08-28 22:08:09', NULL),
(103, 2, NULL, NULL, NULL, 'Prediksi-Persipura-vs-Bali-Unitem.jpg', '103574f738d9b22e959627255c3a251ddd5.jpeg', 393755, 'image/jpeg', 1000, 675, NULL, NULL, '2015-08-29 05:08:33', '2015-08-28 22:08:33', NULL),
(104, 2, NULL, NULL, NULL, 'ic_edutainment_red.png', '104e8c71386a877851f4482e94697f93496.png', 12886, 'image/png', 512, 512, NULL, NULL, '2015-09-01 12:05:08', '2015-09-01 12:05:08', NULL),
(105, 2, NULL, NULL, NULL, 'ic_edutainment.png', '1059b4bc6d92408c338401fd0e333d6de46.png', 13745, 'image/png', 512, 512, NULL, NULL, '2015-09-01 12:06:43', '2015-09-01 12:06:43', NULL),
(106, 2, NULL, NULL, NULL, 'ic_events_red.png', '10672a58d643780a25131082b882f0eb5f7.png', 19397, 'image/png', 512, 512, NULL, NULL, '2015-09-01 12:06:49', '2015-09-01 12:06:49', NULL),
(107, 2, NULL, NULL, NULL, 'ic_events.png', '107e2aae9946326d719cacc64ea5e1e2e01.png', 20952, 'image/png', 512, 512, NULL, NULL, '2015-09-01 12:06:59', '2015-09-01 12:06:59', NULL),
(108, 2, NULL, NULL, NULL, 'ic_movies_red.png', '10823b330892717d62e24a5fd9365a85959.png', 9221, 'image/png', 512, 512, NULL, NULL, '2015-09-01 12:07:06', '2015-09-01 12:07:06', NULL),
(109, 2, NULL, NULL, NULL, 'ic_movies.png', '1096f8c0f0a4453cf40876ca81223beb1d4.png', 9252, 'image/png', 512, 512, NULL, NULL, '2015-09-01 12:07:11', '2015-09-01 12:07:11', NULL),
(110, 2, NULL, NULL, NULL, 'ic_musics_red.png', '110d793a0b6d35fea8879f97f57839db012.png', 9189, 'image/png', 512, 512, NULL, NULL, '2015-09-01 12:07:16', '2015-09-01 12:07:16', NULL),
(111, 2, NULL, NULL, NULL, 'ic_musics.png', '1119e26405d2531674e061f80db8e8ac731.png', 9365, 'image/png', 512, 512, NULL, NULL, '2015-09-01 12:07:23', '2015-09-01 12:07:23', NULL),
(112, 2, NULL, NULL, NULL, 'ic_tvchannels_red.png', '112563521c444f6be789cd457ae2a60b983.png', 9973, 'image/png', 512, 512, NULL, NULL, '2015-09-01 12:07:29', '2015-09-01 12:07:29', NULL),
(113, 2, NULL, NULL, NULL, 'ic_tvchannels.png', '113cefbf7fd94da9a38812e55ba8ded61d6.png', 10656, 'image/png', 512, 512, NULL, NULL, '2015-09-01 12:07:39', '2015-09-01 12:07:39', NULL),
(114, 2, NULL, NULL, NULL, 'ic_tvshows_red.png', '1146e4af9130db0e28d3fdf47e59ba30aa4.png', 11687, 'image/png', 512, 512, NULL, NULL, '2015-09-01 12:07:47', '2015-09-01 12:07:47', NULL),
(115, 2, NULL, NULL, NULL, 'ic_tvshows.png', '1156ce1ac1efc1e7eca962919ad673c7727.png', 12698, 'image/png', 512, 512, NULL, NULL, '2015-09-01 12:07:53', '2015-09-01 12:07:53', NULL),
(116, 2, NULL, NULL, NULL, 'ic-cooking-red.png', '116b0d04e094da83dfb027af481bbc35c74.png', 8992, 'image/png', 512, 512, NULL, NULL, '2015-09-01 12:08:03', '2015-09-01 12:08:03', NULL),
(117, 2, NULL, NULL, NULL, 'ic-cooking.png', '11713903ce2cf33fd4a360800b3c9cb804d.png', 9070, 'image/png', 512, 512, NULL, NULL, '2015-09-01 12:08:10', '2015-09-01 12:08:10', NULL),
(118, 2, NULL, NULL, NULL, 'ic-crime-red.png', '118a2a824ddee226eec9f2bb2612f59e787.png', 13609, 'image/png', 512, 512, NULL, NULL, '2015-09-01 12:08:31', '2015-09-01 12:08:31', NULL),
(119, 2, NULL, NULL, NULL, 'ic-crime.png', '119d8b54a6d54b2c7d8db67c5fb178faac2.png', 14739, 'image/png', 512, 512, NULL, NULL, '2015-09-01 12:08:38', '2015-09-01 12:08:38', NULL),
(120, 2, NULL, NULL, NULL, 'ic-documentary-red.png', '12008d615aafa56fc232897e90e770dc4f9.png', 19329, 'image/png', 512, 512, NULL, NULL, '2015-09-01 12:08:44', '2015-09-01 12:08:44', NULL),
(121, 2, NULL, NULL, NULL, 'ic-documentary.png', '1211d83f3c86524e182038104ff1d8e3785.png', 21855, 'image/png', 512, 512, NULL, NULL, '2015-09-01 12:08:50', '2015-09-01 12:08:50', NULL),
(122, 2, NULL, NULL, NULL, 'ic-drama-red.png', '122f4b4b6ab6a042abf1c647de33e568071.png', 18363, 'image/png', 512, 512, NULL, NULL, '2015-09-01 12:09:52', '2015-09-01 12:09:52', NULL),
(123, 2, NULL, NULL, NULL, 'ic-drama.png', '12386e5fa1bbeecd5e986f6001a910e56da.png', 19681, 'image/png', 512, 512, NULL, NULL, '2015-09-01 12:10:23', '2015-09-01 12:10:23', NULL),
(124, 2, NULL, NULL, NULL, 'ic-entertainment-red.png', '1244764a68adebd2fc0ab4de06cc2c40d71.png', 13715, 'image/png', 512, 512, NULL, NULL, '2015-09-01 12:10:31', '2015-09-01 12:10:31', NULL),
(125, 2, NULL, NULL, NULL, 'ic-entertainment.png', '125ada5a1f9c04a2ab02ba8aacad79ed671.png', 15040, 'image/png', 512, 512, NULL, NULL, '2015-09-01 12:10:37', '2015-09-01 12:10:37', NULL),
(126, 2, NULL, NULL, NULL, 'ic-family-red.png', '126c157ce026eb64995ff69a30cb05aaa44.png', 17369, 'image/png', 512, 512, NULL, NULL, '2015-09-01 12:10:44', '2015-09-01 12:10:44', NULL),
(127, 2, NULL, NULL, NULL, 'ic-family.png', '1270ea44322bfd1d30f4b8faa1ceb1abf11.png', 17667, 'image/png', 512, 512, NULL, NULL, '2015-09-01 12:10:50', '2015-09-01 12:10:50', NULL),
(128, 2, NULL, NULL, NULL, 'ic-fantasy-red.png', '128321d9d8914cf9c9c60e77fdf596c0cdd.png', 12257, 'image/png', 512, 512, NULL, NULL, '2015-09-01 12:10:59', '2015-09-01 12:10:59', NULL),
(129, 2, NULL, NULL, NULL, 'ic-fantasy.png', '1293d1eac6fbd971b1479de5a52c8960629.png', 12602, 'image/png', 512, 512, NULL, NULL, '2015-09-01 12:11:16', '2015-09-01 12:11:16', NULL),
(130, 2, NULL, NULL, NULL, 'ic-fashion-red.png', '1301a5710611a66e6462ee21cf954383b2c.png', 11992, 'image/png', 512, 512, NULL, NULL, '2015-09-01 12:11:25', '2015-09-01 12:11:25', NULL),
(131, 2, NULL, NULL, NULL, 'ic-fashion.png', '13106b1ae56e637e5dcdce1501318a88b61.png', 12591, 'image/png', 512, 512, NULL, NULL, '2015-09-01 12:11:34', '2015-09-01 12:11:34', NULL),
(132, 2, NULL, NULL, NULL, 'ic-festival-red.png', '1322eb6a0b2b4e6b2a052fe2f5dadaa1229.png', 15456, 'image/png', 512, 512, NULL, NULL, '2015-09-01 12:11:42', '2015-09-01 12:11:42', NULL),
(133, 2, NULL, NULL, NULL, 'ic-festival.png', '1334e890329d2e578d9b66c000a24d93d9e.png', 16203, 'image/png', 512, 512, NULL, NULL, '2015-09-01 12:11:49', '2015-09-01 12:11:49', NULL),
(134, 2, NULL, NULL, NULL, 'ic-finance-red.png', '134ffb3ef8f3b228eeebca03060e3859d88.png', 13281, 'image/png', 512, 512, NULL, NULL, '2015-09-01 12:11:56', '2015-09-01 12:11:56', NULL),
(135, 2, NULL, NULL, NULL, 'ic-finance.png', '1359378ba37830acdf98715925affd82783.png', 12900, 'image/png', 512, 512, NULL, NULL, '2015-09-01 12:12:01', '2015-09-01 12:12:01', NULL),
(136, 2, NULL, NULL, NULL, 'ic-food%26bev-red.png', '1360fc39b04222b4c48e55074cd9f695014.png', 27693, 'image/png', 512, 512, NULL, NULL, '2015-09-01 12:12:11', '2015-09-01 12:12:11', NULL),
(137, 2, NULL, NULL, NULL, 'ic-food%26bev.png', '1370aac235bbbb3c247c6e5f0fad13d0ace.png', 28897, 'image/png', 512, 512, NULL, NULL, '2015-09-01 12:12:23', '2015-09-01 12:12:23', NULL),
(138, 2, NULL, NULL, NULL, 'ic-gameshow-red.png', '13876f532fb101535a391f462850c1785d0.png', 15180, 'image/png', 512, 512, NULL, NULL, '2015-09-01 12:12:34', '2015-09-01 12:12:34', NULL),
(139, 2, NULL, NULL, NULL, 'ic-gameshow.png', '139c083eba79e50bcb993afd00a3dd3ea65.png', 16606, 'image/png', 512, 512, NULL, NULL, '2015-09-01 12:12:40', '2015-09-01 12:12:40', NULL),
(140, 2, NULL, NULL, NULL, 'ic-genres-red.png', '140721aed5ce87ddd4fbc4f65e2fa8a0f7c.png', 11585, 'image/png', 512, 512, NULL, NULL, '2015-09-01 12:15:25', '2015-09-01 12:15:25', NULL),
(141, 2, NULL, NULL, NULL, 'ic-genres.png', '1418d7caefec499d0cf781095954e6efcf6.png', 11911, 'image/png', 512, 512, NULL, NULL, '2015-09-01 12:15:34', '2015-09-01 12:15:34', NULL),
(142, 2, NULL, NULL, NULL, 'ic-health-red.png', '1428945148bcd7d4ab502f6c67dc02576de.png', 13773, 'image/png', 512, 512, NULL, NULL, '2015-09-01 12:16:19', '2015-09-01 12:16:19', NULL),
(143, 2, NULL, NULL, NULL, 'ic-health.png', '143fcb10f01b556e947aaccc2e4f2e8cd5c.png', 13750, 'image/png', 512, 512, NULL, NULL, '2015-09-01 12:16:27', '2015-09-01 12:16:27', NULL),
(144, 2, NULL, NULL, NULL, 'ic-history-red.png', '144439244003637fc2610a5132f80befe61.png', 17695, 'image/png', 512, 512, NULL, NULL, '2015-09-01 12:16:34', '2015-09-01 12:16:34', NULL),
(145, 2, NULL, NULL, NULL, 'ic-history.png', '145af61d2e5e1044616b4f217a6288f9bfc.png', 17574, 'image/png', 512, 512, NULL, NULL, '2015-09-01 12:16:45', '2015-09-01 12:16:45', NULL),
(146, 2, NULL, NULL, NULL, 'ic-home%26garden-red.png', '146bf7e29a38de3035d722281c2b983078f.png', 16468, 'image/png', 512, 512, NULL, NULL, '2015-09-01 12:16:50', '2015-09-01 12:16:50', NULL),
(147, 2, NULL, NULL, NULL, 'ic-home%26garden.png', '1478a2f1656b00a269b3489bd2490d1ff5a.png', 17487, 'image/png', 512, 512, NULL, NULL, '2015-09-01 12:16:56', '2015-09-01 12:16:56', NULL),
(148, 2, NULL, NULL, NULL, 'ic-horor-red.png', '1486c020486aebe32dea94f9f82e2a75560.png', 15683, 'image/png', 512, 512, NULL, NULL, '2015-09-01 12:17:06', '2015-09-01 12:17:06', NULL),
(149, 2, NULL, NULL, NULL, 'ic-horor.png', '149f57aff72bf64a5a29f065175b37685d0.png', 17159, 'image/png', 512, 512, NULL, NULL, '2015-09-01 12:17:48', '2015-09-01 12:17:48', NULL),
(150, 2, NULL, NULL, NULL, 'ic-kids-red.png', '1505317b48c4294e98b5632ec7a7c07f4d9.png', 17637, 'image/png', 512, 512, NULL, NULL, '2015-09-01 12:17:54', '2015-09-01 12:17:54', NULL),
(151, 2, NULL, NULL, NULL, 'ic-kids.png', '15105a2cca8aee7b95e492656f39971cc1c.png', 17969, 'image/png', 512, 512, NULL, NULL, '2015-09-01 12:18:01', '2015-09-01 12:18:01', NULL),
(152, 2, NULL, NULL, NULL, 'ic-lifestyle-red.png', '15288a328268b5d601c251eb54c0bad130f.png', 11832, 'image/png', 512, 512, NULL, NULL, '2015-09-01 12:18:08', '2015-09-01 12:18:08', NULL),
(153, 2, NULL, NULL, NULL, 'ic-lifestyle.png', '153559c2e66be8cfd64ffdf4a649baffd82.png', 12815, 'image/png', 512, 512, NULL, NULL, '2015-09-01 12:18:16', '2015-09-01 12:18:16', NULL),
(154, 2, NULL, NULL, NULL, 'ic-luxurygoods-red.png', '154cbf4c27ec05a155234f9df68e7863ba4.png', 16179, 'image/png', 512, 512, NULL, NULL, '2015-09-01 12:18:23', '2015-09-01 12:18:23', NULL),
(155, 2, NULL, NULL, NULL, 'ic-luxurygoods.png', '155836cc3b32fc9f72af9429f321273d01d.png', 15788, 'image/png', 512, 512, NULL, NULL, '2015-09-01 12:18:33', '2015-09-01 12:18:33', NULL),
(156, 2, NULL, NULL, NULL, 'ic-miniseries-red.png', '1563c50f251aa056e7a4867ee6e629df735.png', 11602, 'image/png', 512, 512, NULL, NULL, '2015-09-01 12:18:40', '2015-09-01 12:18:40', NULL),
(157, 2, NULL, NULL, NULL, 'ic-miniseries.png', '1576d3b55436843351574c493d6b5b93960.png', 11645, 'image/png', 512, 512, NULL, NULL, '2015-09-01 12:18:49', '2015-09-01 12:18:49', NULL),
(158, 2, NULL, NULL, NULL, 'ic-music-concert-red.png', '1580bd01be371273b514be49ae848e92ee4.png', 18237, 'image/png', 512, 512, NULL, NULL, '2015-09-01 12:18:56', '2015-09-01 12:18:56', NULL),
(159, 2, NULL, NULL, NULL, 'ic-music-concert.png', '159ece9d8225302cc2b5dfa6c26f68ac6fb.png', 18013, 'image/png', 512, 512, NULL, NULL, '2015-09-01 12:19:37', '2015-09-01 12:19:37', NULL),
(160, 2, NULL, NULL, NULL, 'ic-mystery-red.png', '1606a9f64feea829a3b4a62888ef8da3de5.png', 19577, 'image/png', 512, 512, NULL, NULL, '2015-09-01 12:19:56', '2015-09-01 12:19:56', NULL),
(161, 2, NULL, NULL, NULL, 'ic-mystery.png', '161aaa521a4b39f65e8cddd4cbc5a0f501f.png', 21472, 'image/png', 512, 512, NULL, NULL, '2015-09-01 12:20:13', '2015-09-01 12:20:13', NULL),
(162, 2, NULL, NULL, NULL, 'ic-news-red.png', '162b6ea5810dca2f2d207bc84dfa64da778.png', 11338, 'image/png', 512, 512, NULL, NULL, '2015-09-01 12:20:22', '2015-09-01 12:20:22', NULL),
(163, 2, NULL, NULL, NULL, 'ic-news.png', '1638dec1ae685ea7ed0b1c49a54cc387b1c.png', 10850, 'image/png', 512, 512, NULL, NULL, '2015-09-01 12:20:33', '2015-09-01 12:20:33', NULL),
(164, 2, NULL, NULL, NULL, 'ic-photography-red.png', '164ed86287c7ed1c79aac1bbe87a236a651.png', 11276, 'image/png', 512, 512, NULL, NULL, '2015-09-01 12:20:44', '2015-09-01 12:20:44', NULL),
(165, 2, NULL, NULL, NULL, 'ic-photography.png', '1658d139ef31433f4bc6d31b396c4932ba8.png', 11126, 'image/png', 512, 512, NULL, NULL, '2015-09-01 12:20:57', '2015-09-01 12:20:57', NULL),
(166, 2, NULL, NULL, NULL, 'ic-playlists-red.png', '16626b0c30abb4e8fef458d4d2b5607b5e0.png', 7484, 'image/png', 512, 512, NULL, NULL, '2015-09-01 12:21:26', '2015-09-01 12:21:26', NULL),
(167, 2, NULL, NULL, NULL, 'ic-playlists.png', '1670abd432f7f063410dfcef8ffb23a37c7.png', 7597, 'image/png', 512, 512, NULL, NULL, '2015-09-01 12:21:33', '2015-09-01 12:21:33', NULL),
(168, 2, NULL, NULL, NULL, 'ic-retail-red.png', '16830f7dedd0c1cf43a7453f93ae8a812c6.png', 13987, 'image/png', 512, 512, NULL, NULL, '2015-09-01 12:21:46', '2015-09-01 12:21:46', NULL),
(169, 2, NULL, NULL, NULL, 'ic-retail.png', '169dc402206de5ca0f148225e6657ef8c72.png', 15814, 'image/png', 512, 512, NULL, NULL, '2015-09-01 12:21:53', '2015-09-01 12:21:53', NULL),
(170, 2, NULL, NULL, NULL, 'ic-romance-red.png', '170f64700df3d82396beaf383ad3b6a9d1c.png', 12291, 'image/png', 512, 512, NULL, NULL, '2015-09-01 12:22:03', '2015-09-01 12:22:03', NULL),
(171, 2, NULL, NULL, NULL, 'ic-romance.png', '171df609da700ef8165ddffdaec9554e265.png', 12961, 'image/png', 512, 512, NULL, NULL, '2015-09-01 12:22:21', '2015-09-01 12:22:21', NULL),
(172, 2, NULL, NULL, NULL, 'ic-sciencefiction-red.png', '172624035a3761aadfcc788c931667edb99.png', 8071, 'image/png', 512, 512, NULL, NULL, '2015-09-01 12:22:35', '2015-09-01 12:22:35', NULL),
(173, 2, NULL, NULL, NULL, 'ic-seminars-red.png', '173eca429788fc2b8d8fa649498d8ea2d9e.png', 15883, 'image/png', 512, 512, NULL, NULL, '2015-09-01 12:22:49', '2015-09-01 12:22:49', NULL),
(174, 2, NULL, NULL, NULL, 'ic-seminars.png', '174edff5fbb8cf5d45f9f125b9908e8d072.png', 16723, 'image/png', 512, 512, NULL, NULL, '2015-09-01 12:22:59', '2015-09-01 12:22:59', NULL),
(175, 2, NULL, NULL, NULL, 'ic-services-red.png', '1759b83e81ecac04a8da858addf3aecfcdc.png', 12095, 'image/png', 512, 512, NULL, NULL, '2015-09-01 12:23:11', '2015-09-01 12:23:11', NULL),
(176, 2, NULL, NULL, NULL, 'ic-services.png', '1765a4b7a5761b4ad8f26ca0a51264150cb.png', 12455, 'image/png', 512, 512, NULL, NULL, '2015-09-01 12:23:21', '2015-09-01 12:23:21', NULL),
(177, 2, NULL, NULL, NULL, 'ic-soap-red.png', '177d1dec6d082b299653d438b6ece067480.png', 13719, 'image/png', 512, 512, NULL, NULL, '2015-09-01 12:23:32', '2015-09-01 12:23:32', NULL),
(178, 2, NULL, NULL, NULL, 'ic-soap.png', '178c56d5cb805ff72c91d818664ff99dc37.png', 13944, 'image/png', 512, 512, NULL, NULL, '2015-09-01 12:23:53', '2015-09-01 12:23:53', NULL),
(179, 2, NULL, NULL, NULL, 'ic-songs-red.png', '17933e4b2ce557c3dbba7e22cb6e40d81ef.png', 9672, 'image/png', 512, 512, NULL, NULL, '2015-09-01 12:24:04', '2015-09-01 12:24:04', NULL),
(180, 2, NULL, NULL, NULL, 'ic-songs.png', '180fc1d672a3461c83202465c6b1b9d737e.png', 9619, 'image/png', 512, 512, NULL, NULL, '2015-09-01 12:24:15', '2015-09-01 12:24:15', NULL),
(181, 2, NULL, NULL, NULL, 'ic-sport-red.png', '181b4f7da09e20ff96dbf40611ef8be5e23.png', 19912, 'image/png', 512, 512, NULL, NULL, '2015-09-01 12:24:30', '2015-09-01 12:24:30', NULL),
(182, 2, NULL, NULL, NULL, 'ic-sport.png', '18253623a51e79b67b32ce3b81dae0cf756.png', 20089, 'image/png', 512, 512, NULL, NULL, '2015-09-01 12:24:49', '2015-09-01 12:24:49', NULL),
(183, 2, NULL, NULL, NULL, 'ic-talkshow-red.png', '18335c9499bf17ccc7a3a97262565030c38.png', 13763, 'image/png', 512, 512, NULL, NULL, '2015-09-01 12:25:26', '2015-09-01 12:25:26', NULL),
(184, 2, NULL, NULL, NULL, 'ic-talkshow.png', '1843732fdec8388d578bc4340579e0c8b26.png', 13917, 'image/png', 512, 512, NULL, NULL, '2015-09-01 12:27:13', '2015-09-01 12:27:13', NULL),
(185, 2, NULL, NULL, NULL, 'ic-technology-red.png', '185e0981277dc57d60b9b47f05a8ce097ee.png', 16265, 'image/png', 512, 512, NULL, NULL, '2015-09-01 12:29:16', '2015-09-01 12:29:16', NULL),
(186, 2, NULL, NULL, NULL, 'ic-technology.png', '186dd6d27483f99059647a2a925a62867f6.png', 16017, 'image/png', 512, 512, NULL, NULL, '2015-09-01 12:29:34', '2015-09-01 12:29:34', NULL),
(187, 2, NULL, NULL, NULL, 'ic-thriller-red.png', '1871a4cb71b9323d94ea408258b9570a795.png', 11463, 'image/png', 512, 512, NULL, NULL, '2015-09-01 12:29:46', '2015-09-01 12:29:46', NULL),
(188, 2, NULL, NULL, NULL, 'ic-thriller.png', '188b0e8803bac5e47df41539a824001267d.png', 12197, 'image/png', 512, 512, NULL, NULL, '2015-09-01 12:29:54', '2015-09-01 12:29:54', NULL),
(189, 2, NULL, NULL, NULL, 'ic-travel-red.png', '189532b185a49445f291b68365af21df797.png', 22570, 'image/png', 512, 512, NULL, NULL, '2015-09-01 12:30:04', '2015-09-01 12:30:04', NULL),
(190, 2, NULL, NULL, NULL, 'ic-travel.png', '190777ea80368e1c0c2436c33480c214b49.png', 23327, 'image/png', 512, 512, NULL, NULL, '2015-09-01 12:31:02', '2015-09-01 12:31:02', NULL),
(191, 2, NULL, NULL, NULL, 'ic-travel1-red.png', '191932e246422557eccbb1f40479d0b18ae.png', 8515, 'image/png', 512, 512, NULL, NULL, '2015-09-01 12:31:10', '2015-09-01 12:31:10', NULL),
(192, 2, NULL, NULL, NULL, 'ic-travel1.png', '192c5e92ac63980f3a2bcfe00501a4ec3c2.png', 8511, 'image/png', 512, 512, NULL, NULL, '2015-09-01 12:31:17', '2015-09-01 12:31:17', NULL),
(193, 2, NULL, NULL, NULL, 'ic-academic-red.png', '193ed3c7986deff9564ea61e74a33827880.png', 12944, 'image/png', 512, 512, NULL, NULL, '2015-09-01 12:31:25', '2015-09-01 12:31:25', NULL),
(194, 2, NULL, NULL, NULL, 'ic-academic.png', '194ac2ad08ad652c2253b2bbb0e08f4d5e5.png', 14116, 'image/png', 512, 512, NULL, NULL, '2015-09-01 12:31:36', '2015-09-01 12:31:36', NULL),
(195, 2, NULL, NULL, NULL, 'ic-action-red.png', '1959e421c36a0099e253f48e5e4e34c8510.png', 17499, 'image/png', 512, 512, NULL, NULL, '2015-09-01 12:31:44', '2015-09-01 12:31:44', NULL),
(196, 2, NULL, NULL, NULL, 'ic-action.png', '1962eae771621b3b74adcf8b6b7b7768b2b.png', 17473, 'image/png', 512, 512, NULL, NULL, '2015-09-01 12:31:52', '2015-09-01 12:31:52', NULL),
(197, 2, NULL, NULL, NULL, 'ic-adventure-red.png', '197c6400e42624fca5dd7c21ec64ee5db8d.png', 23830, 'image/png', 512, 512, NULL, NULL, '2015-09-01 12:47:00', '2015-09-01 12:47:00', NULL),
(198, 2, NULL, NULL, NULL, 'ic-adventure.png', '19830c71df010bd8dc3344c1e82604e2818.png', 24225, 'image/png', 512, 512, NULL, NULL, '2015-09-01 12:47:08', '2015-09-01 12:47:08', NULL),
(199, 2, NULL, NULL, NULL, 'ic-albums-red.png', '1993962da911d9a4e28ed6446b8aab53034.png', 8750, 'image/png', 512, 512, NULL, NULL, '2015-09-01 12:47:15', '2015-09-01 12:47:15', NULL),
(200, 2, NULL, NULL, NULL, 'ic-adventure.png', '200e6ccd3ac7633eae00986978494a42d8a.png', 24225, 'image/png', 512, 512, NULL, NULL, '2015-09-01 12:47:26', '2015-09-01 12:47:26', NULL),
(201, 2, NULL, NULL, NULL, 'ic-albums-red.png', '201ee3a8ccb50a3a0c73f39b5a1fbf86b4d.png', 8750, 'image/png', 512, 512, NULL, NULL, '2015-09-01 12:47:33', '2015-09-01 12:47:33', NULL),
(202, 2, NULL, NULL, NULL, 'ic-albums.png', '202fb90e499bac5affa233c4a8b408be9d9.png', 9008, 'image/png', 512, 512, NULL, NULL, '2015-09-01 12:47:39', '2015-09-01 12:47:39', NULL),
(203, 2, NULL, NULL, NULL, 'ic-animation-red.png', '203a8a41c2792f37333a28ffab2a1cff906.png', 14402, 'image/png', 512, 512, NULL, NULL, '2015-09-01 12:47:45', '2015-09-01 12:47:45', NULL),
(204, 2, NULL, NULL, NULL, 'ic-artists.png', '2048466d081fd41770a62f1d4ec3def6486.png', 11041, 'image/png', 512, 512, NULL, NULL, '2015-09-01 12:47:54', '2015-09-01 12:47:54', NULL),
(205, 2, NULL, NULL, NULL, 'ic-automobile-red.png', '205abf2398adf52463abe2a61ff27c75a63.png', 14515, 'image/png', 512, 512, NULL, NULL, '2015-09-01 12:48:21', '2015-09-01 12:48:21', NULL),
(206, 2, NULL, NULL, NULL, 'ic-automobile.png', '206fc5bf0772aeeff5175b5f211668dbfd1.png', 15039, 'image/png', 512, 512, NULL, NULL, '2015-09-01 12:48:29', '2015-09-01 12:48:29', NULL),
(207, 2, NULL, NULL, NULL, 'ic-automotive-red.png', '207597c9da2052e45d03e001a3a44b97310.png', 7818, 'image/png', 512, 512, NULL, NULL, '2015-09-01 12:48:35', '2015-09-01 12:48:35', NULL),
(208, 2, NULL, NULL, NULL, 'ic-automotive.png', '2084d2eb1dc10edd587210e572d47dd3365.png', 8051, 'image/png', 512, 512, NULL, NULL, '2015-09-01 12:48:41', '2015-09-01 12:48:41', NULL),
(209, 2, NULL, NULL, NULL, 'ic-comedy-red.png', '209c9caf575a07f39b0f0c3eff0a3ec3714.png', 21535, 'image/png', 512, 512, NULL, NULL, '2015-09-01 12:48:49', '2015-09-01 12:48:49', NULL),
(210, 2, NULL, NULL, NULL, 'ic-comedy.png', '210e0bc4c779241d2fe190482ddd6395547.png', 23710, 'image/png', 512, 512, NULL, NULL, '2015-09-01 12:48:56', '2015-09-01 12:48:56', NULL),
(211, 2, NULL, NULL, NULL, 'ic-compilations-red.png', '21168173c7d6d7f9c5a69df7ae284283fc3.png', 14802, 'image/png', 512, 512, NULL, NULL, '2015-09-01 12:49:17', '2015-09-01 12:49:17', NULL),
(212, 2, NULL, NULL, NULL, 'ic-compilations.png', '2120ff5ae3115dd422434b4fbb4be0d57f3.png', 14836, 'image/png', 512, 512, NULL, NULL, '2015-09-01 12:49:23', '2015-09-01 12:49:23', NULL),
(213, 2, NULL, NULL, NULL, 'ic-composers-red.png', '213c25750e606959a5686d0ca2d9fed2021.png', 16732, 'image/png', 512, 512, NULL, NULL, '2015-09-01 12:49:33', '2015-09-01 12:49:33', NULL),
(214, 2, NULL, NULL, NULL, 'ic-composers.png', '214e2401908f88fd03f08e3a27fcc247916.png', 17804, 'image/png', 512, 512, NULL, NULL, '2015-09-01 12:49:39', '2015-09-01 12:49:39', NULL),
(215, 2, NULL, NULL, NULL, 'tumblr_static_fbcover.jpg', '21528c37e4e3e76642f13c87bcbc95976b7.jpeg', 118250, 'image/jpeg', 936, 468, NULL, NULL, '2015-09-06 14:06:10', '2015-09-06 14:06:10', NULL),
(216, 2, NULL, NULL, NULL, 'Happy%2BTree%2BFriends.jpg', '216c04b1d0d6a0176d04707361e65ff5fd0.jpeg', 58511, 'image/jpeg', 500, 241, NULL, NULL, '2015-09-06 14:09:35', '2015-09-06 14:09:35', NULL),
(217, 2, NULL, NULL, NULL, 'Manusia-Setengah-Salmon.jpg', '217cd4a1264f7e5e04c6f565d71432af4fc.jpeg', 160928, 'image/jpeg', 718, 1024, NULL, NULL, '2015-09-08 07:01:57', '2015-09-08 07:01:57', NULL),
(218, 2, NULL, NULL, NULL, 'maxresdefault.jpg', '218c3261f728c82c0ffc780600f73d595b5.jpeg', 133738, 'image/jpeg', 1920, 1080, NULL, NULL, '2015-09-08 07:06:35', '2015-09-08 07:06:35', NULL),
(219, 2, NULL, 'nomad.png', 'Uploaded from nomad movie', 'php48BD.tmp', '2192ff737aef87325b66feef6f6b0514416.png', 46079, 'image/png', 412, 113, NULL, NULL, '2015-09-14 06:50:29', '2015-09-14 06:50:29', NULL),
(220, 2, NULL, 'nomad.png', 'Uploaded from nomad movie', 'php5F5D.tmp', '2204c78662837dfa201cca9bf106a45f56b.png', 46079, 'image/png', 412, 113, NULL, NULL, '2015-09-18 10:04:47', '2015-09-18 10:04:47', NULL),
(221, 2, NULL, 'nomad.png', 'Uploaded from nomad movie', 'php4B8B.tmp', '2212951b4514a50cef2a36c0c3e64f4a91c.png', 46079, 'image/png', 412, 113, NULL, NULL, '2015-09-18 10:07:58', '2015-09-18 10:07:58', NULL),
(222, 2, NULL, 'logo.png', 'Uploaded from nomad movie', 'php8B88.tmp', '22232b91c7a82fd52ef75f8f676aec10b8c.png', 46079, 'image/png', 412, 113, NULL, NULL, '2015-09-21 04:42:42', '2015-09-21 04:42:42', NULL),
(223, 2, NULL, NULL, NULL, 'Poster%20Hantu%20Bangku%20Kosong.jpg', '2230fb8941cd258c5fdf3b082f7524c7a8b.jpeg', 2542875, 'image/jpeg', 2598, 3626, '2006-08-17 15:36:27', NULL, '2015-09-23 04:39:04', '2015-09-23 04:39:04', NULL),
(230, 2, NULL, NULL, NULL, 'get_married_3.jpg', '230679bef3be9f83e87e4e3e178eac11f0e.jpeg', 483525, 'image/jpeg', 1001, 1426, NULL, NULL, '2015-09-23 12:39:19', '2015-09-23 12:39:19', NULL),
(231, 2, NULL, NULL, NULL, 'histeria.jpg', '231e4af4f23895e3923bff9269912dc5a55.jpeg', 210676, 'image/jpeg', 640, 906, NULL, NULL, '2015-09-23 12:47:03', '2015-09-23 12:47:03', NULL),
(232, 2, NULL, NULL, NULL, 'Jakarta%20Undercover%20poster.jpg', '232ad07b7eba224526f19ec6c7b02d15cb8.jpeg', 116689, 'image/jpeg', 357, 510, NULL, NULL, '2015-09-23 13:25:34', '2015-09-23 13:25:34', NULL),
(233, 2, NULL, NULL, NULL, '07%20Jaka%20Sembung%20dan%20Dewi%20Samudra.JPG', '23376dfb711ac1cc6724f7a60c608a29367.jpeg', 5042394, 'image/jpeg', 2592, 3696, '2011-09-27 12:15:36', NULL, '2015-09-23 13:46:10', '2015-09-23 13:46:10', NULL),
(234, 2, NULL, NULL, NULL, 'Jaka_Sembung_dan_Dewi_Samudra.jpg', '2349c77d7d1a210da38e0184c0e144fcd32.jpeg', 74112, 'image/jpeg', 344, 500, NULL, NULL, '2015-09-23 13:47:41', '2015-09-23 13:47:41', NULL),
(235, 2, NULL, NULL, NULL, '02-SI-KABAYAN-dan-GADIS-KOTA.jpg', '235de5e6adda9183d2ed111ad0865e0d0e8.jpeg', 45068, 'image/jpeg', 595, 852, NULL, NULL, '2015-09-23 14:01:26', '2015-09-23 14:01:26', NULL),
(236, 2, NULL, NULL, NULL, 'The_Tarix_Jabrix_2.jpg', '2362734b1031d5ef958abbaa87646101012.jpeg', 79357, 'image/jpeg', 357, 510, NULL, NULL, '2015-09-23 14:08:39', '2015-09-23 14:08:39', NULL),
(237, 2, NULL, NULL, NULL, 'Virgin3.jpg', '237fd68c4ea545899eca987bb146a419ab2.jpeg', 74030, 'image/jpeg', 421, 600, NULL, NULL, '2015-09-23 14:25:08', '2015-09-23 14:25:08', NULL),
(238, 2, NULL, NULL, NULL, 'wakil_rakyat_xlg.jpg', '238115f8d5b18a052f3633c4548f00ad221.jpeg', 220832, 'image/jpeg', 850, 1214, NULL, NULL, '2015-09-23 15:49:58', '2015-09-23 15:49:58', NULL),
(239, 2, NULL, NULL, NULL, 'Menuju%20Rumah%20A4.jpg', '2393fd4eae8baa21224ef03f026546949d0.jpeg', 3815394, 'image/jpeg', 2480, 3508, NULL, NULL, '2015-10-01 09:04:18', '2015-10-01 09:04:18', NULL),
(240, 2, NULL, NULL, NULL, 'Menuju%20Rumah%20A4%20-%20slice.jpg', '2401a2a282409e4776e75df1d40e4ebd1f3.jpeg', 1264878, 'image/jpeg', 2472, 1441, NULL, NULL, '2015-10-01 09:32:14', '2015-10-01 09:32:14', NULL),
(241, 2, NULL, 'Arteta', NULL, 'ArtetaEp1.PNG', '2418d82935646aa7b29c0e8a6adbd3cec4f.png', 1536013, 'image/png', 1523, 836, NULL, NULL, '2015-10-06 15:21:29', '2015-10-06 15:21:29', NULL),
(242, 2, NULL, 'Arteta Ep2', NULL, 'ArtetaEp2.PNG', '2427dfdaa3b88f9b2053cc2c65510dc2acf.png', 1956402, 'image/png', 1507, 803, NULL, NULL, '2015-10-06 16:23:47', '2015-10-06 16:23:47', NULL),
(243, 2, NULL, 'movies icon', NULL, 'Icon-Menu-Movies%403x.png', '24359d0f54c2312d3c9f92e0b3f07120f2b.png', 3321, 'image/png', 126, 126, NULL, NULL, '2015-10-07 08:33:58', '2015-10-07 08:33:58', NULL),
(244, 2, NULL, 'action', NULL, 'icon_action.png', '2443d6b31f031b0c07a035d6c57bf340e4a.png', 60560, 'image/png', 110, 131, NULL, NULL, '2015-10-07 08:40:23', '2015-10-07 08:40:23', NULL),
(245, 2, NULL, '2443d6b31f031b0c07a035d6c57bf340e4a.png', NULL, 'icon_adventure.png', '245b418831fdb17ec99422853b353a3595f.png', 60028, 'image/png', 120, 119, NULL, NULL, '2015-10-07 08:40:51', '2015-10-07 08:40:51', NULL),
(246, 2, NULL, 'comedy', NULL, 'icon_comedi.png', '24652274e48cc3267bb4df2e8aa8f98af8b.png', 58585, 'image/png', 120, 116, NULL, NULL, '2015-10-07 08:41:21', '2015-10-07 08:41:21', NULL),
(247, 2, NULL, 'drama', NULL, 'icon_drama.png', '24712be09bae22b6dff6c776aea707f32ed.png', 69634, 'image/png', 139, 120, NULL, NULL, '2015-10-07 08:41:51', '2015-10-07 08:41:51', NULL),
(248, 2, NULL, 'documentary', NULL, 'icon_documentary.png', '248c0990121fbb7948d86e94c098098135e.png', 65819, 'image/png', 143, 110, NULL, NULL, '2015-10-07 08:42:15', '2015-10-07 08:42:15', NULL),
(249, 2, NULL, 'family', NULL, 'icon_family.png', '24990a497515d643e29c4019750925b5150.png', 59066, 'image/png', 120, 117, NULL, NULL, '2015-10-07 08:42:37', '2015-10-07 08:42:37', NULL),
(250, 2, NULL, 'fantasy', NULL, 'icon_fantasi.png', '2503feeaf689cecdd9dc37fc579fb0ee6ac.png', 52332, 'image/png', 120, 103, NULL, NULL, '2015-10-07 08:43:04', '2015-10-07 08:43:04', NULL),
(251, 2, NULL, 'history', NULL, 'icon_history.png', '2514f2c77def64ae2c4e4cd19ad02e33120.png', 65319, 'image/png', 120, 130, NULL, NULL, '2015-10-07 08:43:37', '2015-10-07 08:43:37', NULL),
(252, 2, NULL, 'horror', NULL, 'icon_horor.png', '2526310c31c17347798c949013579b3d817.png', 72994, 'image/png', 146, 120, NULL, NULL, '2015-10-07 08:44:07', '2015-10-07 08:44:07', NULL);
INSERT INTO `images` (`id`, `user_id`, `album_id`, `name`, `description`, `image_name`, `image_url`, `image_size`, `image_mime`, `image_width`, `image_height`, `image_date_taken`, `sign_number`, `created_at`, `updated_at`, `deleted_at`) VALUES
(253, 2, NULL, 'mistery', NULL, 'icon_mysteri.png', '253c691c39cb72a0f44674e39b6b3f9154b.png', 62244, 'image/png', 129, 115, NULL, NULL, '2015-10-07 08:44:31', '2015-10-07 08:44:31', NULL),
(254, 2, NULL, 'romance', NULL, 'icon_romance.png', '2540204e99108ffd701f87a7d651d95e7d9.png', 59219, 'image/png', 128, 110, NULL, NULL, '2015-10-07 08:44:53', '2015-10-07 08:44:53', NULL),
(255, 2, NULL, 'Thriller', NULL, 'icon_thriler.png', '25559ccf1b53e88edd811c08818193fbd04.png', 62534, 'image/png', 142, 105, NULL, NULL, '2015-10-07 08:45:17', '2015-10-07 08:45:17', NULL),
(256, 2, NULL, 'Kids', NULL, 'icon_kids.png', '256c0a272b45b510abcbb361c42874c2aa5.png', 50909, 'image/png', 100, 120, NULL, NULL, '2015-10-07 08:45:46', '2015-10-07 08:45:46', NULL),
(257, 2, NULL, 'Kids', NULL, 'icon_kids.png', '25754ed7fb6d2e4fbbf73f8132d199af610.png', 50909, 'image/png', 100, 120, NULL, NULL, '2015-10-07 09:00:27', '2015-10-07 09:00:27', NULL),
(258, 2, NULL, 'arteta episode 3', NULL, 'ArtetaEp3.PNG', '258b55e907a22b8a1239ddbf2f6f4922f31.png', 1794983, 'image/png', 1676, 924, NULL, NULL, '2015-10-12 04:20:14', '2015-10-12 04:20:14', NULL),
(259, 2, NULL, 'ok', NULL, 'eps1artetawithnomadlogo.jpg', '2593ba20b381fc471c62c97fcd7518551e6.jpeg', 186957, 'image/jpeg', 1920, 1080, NULL, NULL, '2015-10-16 07:44:24', '2015-10-16 07:44:24', NULL),
(260, 2, NULL, 'ok', NULL, 'eps2artetawithnomadlogo.jpg', '26064317f3232c865c2c6a9d749182c94da.jpeg', 103617, 'image/jpeg', 1920, 1080, NULL, NULL, '2015-10-16 07:45:17', '2015-10-16 07:45:17', NULL),
(261, 2, NULL, 'arteta 4', NULL, 'eps4artetawithnomadlogo.jpg', '26127556f099d49b27318965bac6845d528.jpeg', 183711, 'image/jpeg', 1920, 1080, NULL, NULL, '2015-10-19 01:11:39', '2015-10-19 01:11:39', NULL),
(262, 2, NULL, 'extra_large', NULL, 'extra_large_mini.jpg', '2625c4119c1367989e57d9a5fcc19429b7d.jpeg', 55517, 'image/jpeg', 529, 755, NULL, NULL, '2015-10-21 13:25:13', '2015-10-21 13:25:13', NULL),
(263, 2, NULL, 'karma', NULL, 'karma_mini.jpg', '263691b398745b0fb40937c251b6d17730b.jpeg', 70908, 'image/jpeg', 528, 755, NULL, NULL, '2015-10-21 13:49:21', '2015-10-21 13:49:21', NULL),
(264, 2, NULL, 'love is cinta', NULL, 'love_is_cinta_mini.jpg', '26494487c751f6625d427c09b27fe42dcec.jpeg', 119134, 'image/jpeg', 560, 795, NULL, NULL, '2015-10-21 13:59:23', '2015-10-21 13:59:23', NULL),
(265, 2, NULL, 'ok', NULL, 'eps5artetawithnomadlogo.jpg', '26526488d15857d645617b33e5d8cb84203.jpeg', 116389, 'image/jpeg', 1920, 1080, NULL, NULL, '2015-10-25 15:35:36', '2015-10-25 15:35:36', NULL),
(266, 2, NULL, 'ok', NULL, 'eps6artetawithnomadlogo.jpg', '26680fe34cf03b9ffcaa387ef41f7f04695.jpeg', 51516, 'image/jpeg', 1080, 608, NULL, NULL, '2015-11-02 02:29:07', '2015-11-02 02:29:07', NULL),
(267, 2, NULL, 'ok', NULL, 'eps6artetawithnomadlogo.jpg', '26789de27cae3f6e1dd50b1e93465c18955.jpeg', 51516, 'image/jpeg', 1080, 608, NULL, NULL, '2015-11-02 02:56:19', '2015-11-02 02:56:19', NULL),
(268, 2, NULL, 'ep6', NULL, 'eps6artetawithnomadlogo.jpg', '268c4ef77f406ec8d29fada7b2e34d14709.jpeg', 51516, 'image/jpeg', 1080, 608, NULL, NULL, '2015-11-02 02:56:36', '2015-11-02 02:56:36', NULL),
(269, 2, NULL, 'ic_movie', NULL, 'icon_movie.png', '26993607283ab3f5be499edc17d104df97f.png', 46459, 'image/png', 99, 110, NULL, NULL, '2015-11-04 04:08:05', '2015-11-04 04:08:05', NULL),
(270, 2, NULL, 'quality.png', 'Uploaded from nomad edutainment', 'phpFF.tmp', '2701954a094e9a4cb89b6cd2b22c4f90aba.png', 828868, 'image/png', 1920, 1080, NULL, NULL, '2015-11-04 08:33:07', '2015-11-04 08:33:07', NULL),
(271, 2, NULL, 'quality.png', 'Uploaded from nomad edutainment', 'php7AB0.tmp', '2716b2d8445bc367367f8d84e5f5cb4c934.png', 828868, 'image/png', 1920, 1080, NULL, NULL, '2015-11-04 08:56:45', '2015-11-04 08:56:45', NULL),
(272, 2, NULL, 'quality.png', 'Uploaded from nomad edutainment', 'phpB0EA.tmp', '2729de995a21af0658ac7646e92a6f547c3.png', 828868, 'image/png', 1920, 1080, NULL, NULL, '2015-11-04 09:25:14', '2015-11-04 09:25:14', NULL),
(273, 2, NULL, 'quality.png', 'Uploaded from nomad event', 'phpA113.tmp', '273525ba37f616cf9542be168fca2b0005e.png', 828868, 'image/png', 1920, 1080, NULL, NULL, '2015-11-05 05:41:59', '2015-11-05 05:41:59', NULL),
(274, 2, NULL, 'arteta7', NULL, 'eps7artetawithnomadlogo.jpg', '274049fb54312944c8e3dc1562d2dafa912.jpeg', 42032, 'image/jpeg', 1080, 608, NULL, NULL, '2015-11-10 03:21:27', '2015-11-10 03:21:27', NULL),
(275, 2, NULL, 'logo', NULL, 'logo.png', '275fb8d30692830c4962e0f3df504a66fea.png', 14713, 'image/png', 183, 56, NULL, NULL, '2015-11-18 03:47:34', '2015-11-18 03:47:34', NULL),
(276, 2, NULL, 'logo', NULL, 'gede.jpg', '2767b1d8616c14773866d215a3eec802e27.jpeg', 1137400, 'image/jpeg', 600, 285, NULL, NULL, '2015-11-18 03:48:14', '2015-11-18 03:48:14', NULL),
(277, 2, NULL, 'logo', NULL, 'goplay.png', '27703cd5762a244890812f48fc3dc36e1a0.png', 4458, 'image/png', 97, 30, NULL, NULL, '2015-11-18 03:49:35', '2015-11-18 03:49:35', NULL),
(278, 2, NULL, 'logo', NULL, 'apstore.png', '278ec4070d824b9599b04423d6d2d410e52.png', 4412, 'image/png', 97, 29, NULL, NULL, '2015-11-18 03:49:59', '2015-11-18 03:49:59', NULL),
(279, 2, NULL, 'logo', NULL, 'col1.jpg', '279ce54cc2a17ec4f6b09e01b0c5619d378.jpeg', 11712, 'image/jpeg', 236, 134, NULL, NULL, '2015-11-18 03:51:41', '2015-11-18 03:51:41', NULL),
(280, 2, NULL, 'logo', NULL, 'col2.jpg', '2805a40e9ad8a17deb2d578d6bbc472d593.jpeg', 18475, 'image/jpeg', 236, 134, NULL, NULL, '2015-11-18 03:52:03', '2015-11-18 03:52:03', NULL),
(281, 2, NULL, 'logo', NULL, 'col3.jpg', '2810450b965744864822661bcdd9ae78a8d.jpeg', 14320, 'image/jpeg', 236, 134, NULL, NULL, '2015-11-18 03:52:19', '2015-11-18 03:52:19', NULL),
(282, 2, NULL, 'logo', NULL, 'col4.jpg', '28205d28c143f453bafdb50ef61cb99043f.jpeg', 12159, 'image/jpeg', 236, 134, NULL, NULL, '2015-11-18 03:52:38', '2015-11-18 03:52:38', NULL),
(283, 2, NULL, 'logo', NULL, 'garis.jpg', '2839c0ffdce3f79858c998948090ca464dd.jpeg', 1056149, 'image/jpeg', 600, 149, NULL, NULL, '2015-11-18 03:53:03', '2015-11-18 03:53:03', NULL),
(284, 2, NULL, 'logo', NULL, 'bawah.jpg', '284cc84fe811c0f8833157de50365058a13.jpeg', 1080644, 'image/jpeg', 600, 524, NULL, NULL, '2015-11-18 03:53:34', '2015-11-18 03:53:34', NULL),
(285, 2, NULL, 'logo', NULL, 'bg.jpg', '2855877b48e708ab5629008bfbeb2fb0c89.jpeg', 38521, 'image/jpeg', 600, 79, NULL, NULL, '2015-11-18 05:54:53', '2015-11-18 05:54:53', NULL),
(286, 2, NULL, 'ok', NULL, 'Slank.jpg', '28648fbe401697b0c0c2521dfd202729c7f.jpeg', 68137, 'image/jpeg', 360, 360, NULL, NULL, '2015-11-18 10:11:29', '2015-11-18 10:11:29', NULL),
(287, 2, NULL, 'ok', NULL, 'Arteta.jpg', '28748a8bbf9bc4e270fb2651ff04fb8c63f.jpeg', 37146, 'image/jpeg', 360, 360, NULL, NULL, '2015-11-18 10:16:06', '2015-11-18 10:16:06', NULL),
(288, 2, NULL, 'ok', NULL, 'Bali-United.jpg', '288b387f7f2e7a6f9f2826f32b512c71923.jpeg', 57019, 'image/jpeg', 360, 360, NULL, NULL, '2015-11-18 10:22:14', '2015-11-18 10:22:14', NULL),
(289, 2, NULL, 'ok', NULL, 'Kitchen-Set.jpg', '289ca18baa4df776ee64ab2e86a649b0f94.jpeg', 61627, 'image/jpeg', 360, 360, NULL, NULL, '2015-11-18 10:28:29', '2015-11-18 10:28:29', NULL),
(290, 2, NULL, 'ok', NULL, 'Bali-United.jpg', '2908876d0ddd31387aa4e1b08b46a2ac5f3.jpeg', 65337, 'image/jpeg', 360, 360, NULL, NULL, '2015-11-18 11:07:19', '2015-11-18 11:07:19', NULL),
(291, 2, NULL, 'ok', NULL, 'body_testinprogress.gif', '291d653cf92d95c30f6f8129f2624c683cb.gif', 39990, 'image/gif', 250, 250, NULL, NULL, '2015-11-23 06:38:57', '2015-11-23 06:38:57', NULL),
(292, 2, NULL, 'ok', NULL, 'programmer.jpg', '292e37a172e57495f9fa45f6ffdd1040c3c.jpeg', 79733, 'image/jpeg', 726, 508, NULL, NULL, '2015-11-23 06:41:39', '2015-11-23 06:41:39', NULL),
(293, 2, NULL, 'ok', NULL, '5483_w320.jpg', '2938f11d194dc826e72b6f3935d21ef65fa.jpeg', 17935, 'image/jpeg', 320, 570, NULL, NULL, '2015-11-24 06:24:21', '2015-11-24 06:24:21', NULL),
(294, 2, NULL, 'ok', NULL, '5485_w320.jpg', '294c61926a4600be5c7b4c0a961d333d15e.jpeg', 26765, 'image/jpeg', 320, 570, NULL, NULL, '2015-11-24 06:25:44', '2015-11-24 06:25:44', NULL),
(295, 2, NULL, 'ok', NULL, '5487_w320.jpg', '2954fea979475b87b10c55dc43b6a7d56aa.jpeg', 30004, 'image/jpeg', 320, 570, NULL, NULL, '2015-11-24 06:26:04', '2015-11-24 06:26:04', NULL),
(296, 2, NULL, 'ok', NULL, '5488_w320.jpg', '296eaf98dca6d089f6261e8cbe33c5609e9.jpeg', 22842, 'image/jpeg', 320, 570, NULL, NULL, '2015-11-24 06:26:24', '2015-11-24 06:26:24', NULL),
(297, 2, NULL, 'ok', NULL, '5491_w320.jpg', '2974e7a55c4a210dcf5c2a73d9a24d75970.jpeg', 21762, 'image/jpeg', 320, 570, NULL, NULL, '2015-11-24 06:26:48', '2015-11-24 06:26:48', NULL),
(298, 2, NULL, 'ok', NULL, 'nomad-logo.jpg', '2987184943aac50c74f5c7fefce165a6072.jpeg', 8972, 'image/jpeg', 215, 70, NULL, NULL, '2015-11-25 03:04:31', '2015-11-25 03:04:31', NULL),
(299, 2, NULL, 'ok', NULL, 'featured-pic.jpg', '299d793691dd5fb12097283c3ed26fdea57.jpeg', 51247, 'image/jpeg', 600, 303, NULL, NULL, '2015-11-25 03:05:10', '2015-11-25 03:05:10', NULL),
(300, 2, NULL, 'ok', NULL, 'playstore.jpg', '300dae280edb968d2e25cf2ebf9582dc3ca.jpeg', 3370, 'image/jpeg', 138, 41, NULL, NULL, '2015-11-25 03:05:36', '2015-11-25 03:05:36', NULL),
(301, 2, NULL, 'ok', NULL, 'appstore.jpg', '301bba655bc3ec924eb8c1c6368a4347bb1.jpeg', 5169, 'image/jpeg', 153, 63, NULL, NULL, '2015-11-25 03:05:55', '2015-11-25 03:05:55', NULL),
(302, 2, NULL, 'ok', NULL, 'youtube-logo-full_color.jpg', '302eaa673463d31c98fbb35615eb089bb42.jpeg', 30086, 'image/jpeg', 670, 377, NULL, NULL, '2015-11-25 03:28:43', '2015-11-25 03:28:43', NULL),
(303, 2, NULL, 'ok', NULL, 'featured-img.jpg', '303449f7b89b28e7b77984458183838aa84.jpeg', 51451, 'image/jpeg', 600, 303, NULL, NULL, '2015-11-25 08:03:02', '2015-11-25 08:03:02', NULL),
(304, 2, NULL, 'ok', NULL, 'black50.png', '3040c6af439b79fee793e306babb3cca485.png', 929, 'image/png', 1, 1, NULL, NULL, '2015-11-25 08:04:35', '2015-11-25 08:04:35', NULL),
(305, 2, NULL, 'ok', NULL, 'featured-pic.jpg', '305c836378f5008c92ea855454320ad11f7.jpeg', 51247, 'image/jpeg', 600, 303, NULL, NULL, '2015-11-25 08:15:21', '2015-11-25 08:15:21', NULL),
(306, 2, NULL, 'ok', NULL, 'featured-img.jpg', '3069ee874055470cfc025d3f7e61c07ff90.jpeg', 78588, 'image/jpeg', 600, 337, NULL, NULL, '2015-11-26 02:59:24', '2015-11-26 02:59:24', NULL),
(307, 2, NULL, 'ok', NULL, '-text%20(1).png', '307e26e7fc20475d8f6f8d0e8e1bfd763b1.png', 4589, 'image/png', 146, 192, NULL, NULL, '2015-11-26 03:38:43', '2015-11-26 03:38:43', NULL),
(308, 2, NULL, 'ok', NULL, '-text.png', '3085541597b34992c2540dbef864c398a09.png', 4922, 'image/png', 235, 131, NULL, NULL, '2015-11-26 03:39:31', '2015-11-26 03:39:31', NULL),
(309, 2, NULL, 'ok', NULL, 'footer-bg.png', '309ea7cb05f497aa17abb65f2875a861a2d.png', 40511, 'image/png', 361, 149, NULL, NULL, '2015-11-26 03:53:23', '2015-11-26 03:53:23', NULL),
(310, 2, NULL, 'ok', NULL, '1379097260156-2013-09-10%2015.57.16.png', '310d125329c3d380e23361cc80e0f19e179.png', 139898, 'image/png', 320, 568, NULL, NULL, '2015-11-27 03:57:21', '2015-11-27 03:57:21', NULL),
(311, 2, NULL, 'ok', NULL, '1379097259235-2013-09-10%2015.59.40.png', '311b3c1854b2cb309271a752c1b41d09b11.png', 148282, 'image/png', 320, 568, NULL, NULL, '2015-11-27 03:57:44', '2015-11-27 03:57:44', NULL),
(312, 2, NULL, 'ok', NULL, '1379097258313-2013-09-10%2015.59.45.png', '312ab8a1859e816a04e15ff927850a99d49.png', 100620, 'image/png', 320, 568, NULL, NULL, '2015-11-27 03:58:04', '2015-11-27 03:58:04', NULL),
(313, 2, NULL, NULL, NULL, 'slank-720.jpg', '31326a1528fa317c9314e50db616125e18a.jpeg', 734470, 'image/jpeg', 1280, 720, NULL, NULL, '2015-11-30 09:22:58', '2015-11-30 09:22:58', NULL),
(314, 2, NULL, NULL, NULL, 'manusia_setengah_salmon-1080.jpg', '314ac3d1e4cdda57e21f5095b0b75aafdc3.jpeg', 1426799, 'image/jpeg', 1920, 1080, NULL, NULL, '2015-11-30 09:34:13', '2015-11-30 09:34:13', NULL),
(315, 2, NULL, NULL, NULL, 'slank-1080.jpg', '315165fd1861c2bf4dae38a8bbea769a9a6.jpeg', 1347231, 'image/jpeg', 1920, 1080, NULL, NULL, '2015-11-30 09:34:24', '2015-11-30 09:34:24', NULL),
(316, 2, NULL, NULL, NULL, 'cinta_brontosaurus-1080.jpg', '3161dc5a0521b20e401889a9e6f25ddd7bc.jpeg', 1345094, 'image/jpeg', 1920, 1080, NULL, NULL, '2015-11-30 09:34:34', '2015-11-30 09:34:34', NULL),
(317, 2, NULL, NULL, NULL, 'baliutdvspersipura-1080.jpg', '3170b6a55ea01991f8ecb5c6ef789004403.jpeg', 1332645, 'image/jpeg', 1920, 1080, NULL, NULL, '2015-12-01 01:50:16', '2015-12-01 01:50:16', NULL),
(318, 2, NULL, NULL, NULL, 'arteta-slide.jpg', '318d75696599f67f60589cf10cca94ae1c0.jpeg', 1361238, 'image/jpeg', 1920, 1080, NULL, NULL, '2015-12-01 03:22:38', '2015-12-01 03:22:38', NULL),
(319, 2, NULL, NULL, NULL, 'slank-slide.jpg', '319902e57dc0d3392c40b45930313650559.jpeg', 2309792, 'image/jpeg', 1920, 1080, NULL, NULL, '2015-12-01 03:22:55', '2015-12-01 03:22:55', NULL),
(320, 2, NULL, 'ok', NULL, 'brontosaurus1.jpg', '320cf5c6626f29d1139cd7e8af676c015b9.jpeg', 1657831, 'image/jpeg', 1920, 1080, NULL, NULL, '2015-12-04 04:00:49', '2015-12-04 04:00:49', NULL),
(321, 2, NULL, 'ok', NULL, 'film-manusia-setengah-salmon-tayang-bioskop%20(1).jpg', '321f30be439d8f8ace79ba33cbc6004a0e9.jpeg', 2108280, 'image/jpeg', 1920, 1080, NULL, NULL, '2015-12-04 04:03:48', '2015-12-04 04:03:48', NULL),
(322, 2, NULL, 'ok', NULL, 'hi5teria.png', '3223bc99af45253a7062f22757e9d1e8601.png', 106750, 'image/png', 565, 283, NULL, NULL, '2015-12-04 04:04:51', '2015-12-04 04:04:51', NULL),
(323, 2, NULL, 'ok', NULL, 'slank-header.jpg', '32365724bb0522b6e329270a4744a3eae50.jpeg', 1607877, 'image/jpeg', 1920, 1080, NULL, NULL, '2015-12-04 04:05:29', '2015-12-04 04:05:29', NULL),
(324, 2, NULL, 'ok', NULL, 'film-operation-wedding.jpg', '32451a3a49c69bc77921657083f1b12144a.jpeg', 28858, 'image/jpeg', 600, 300, NULL, NULL, '2015-12-04 04:09:41', '2015-12-04 04:09:41', NULL),
(325, 2, NULL, 'ok', NULL, '18%2B%2B%20Forever%20Love.jpg', '325c6fea94b7a351c1e6c8f7b6a4ee190c7.jpeg', 1832326, 'image/jpeg', 1920, 1080, NULL, NULL, '2015-12-07 02:47:02', '2015-12-07 02:47:02', NULL),
(326, 2, NULL, 'ok', NULL, 'Bangku%20Kosong.jpg', '326d8cb246f189aaf8aa8301650e115ab8d.jpeg', 1529713, 'image/jpeg', 1920, 1080, NULL, NULL, '2015-12-07 02:49:14', '2015-12-07 02:49:14', NULL),
(327, 2, NULL, 'ok', NULL, 'Basahhh.jpg', '32718dfee811d7311fe387c1b8a63165f05.jpeg', 1965836, 'image/jpeg', 1920, 1080, NULL, NULL, '2015-12-07 02:50:05', '2015-12-07 02:50:05', NULL),
(328, 2, NULL, 'ok', NULL, 'Get%20Maried%202.jpg', '328d868790d789d481ad4a327f3d2c79325.jpeg', 1869241, 'image/jpeg', 1920, 1080, NULL, NULL, '2015-12-07 02:50:41', '2015-12-07 02:50:41', NULL),
(329, 2, NULL, 'ok', NULL, 'Get%20Maried%203.jpg', '329efca8786738bef291b89511df97b0bee.jpeg', 2012865, 'image/jpeg', 1920, 1080, NULL, NULL, '2015-12-07 02:51:40', '2015-12-07 02:51:40', NULL),
(330, 2, NULL, 'ok', NULL, 'Get%20Maried%204.jpg', '330e0454594b5377a0b710c5345cb952443.jpeg', 1934514, 'image/jpeg', 1920, 1080, NULL, NULL, '2015-12-07 02:52:21', '2015-12-07 02:52:21', NULL),
(331, 2, NULL, 'ok', NULL, 'Hafalan%20shalat%20Delisa.jpg', '331d2aa73d8cffea32a2ce302cedabfb3f9.jpeg', 1983411, 'image/jpeg', 1920, 1080, NULL, NULL, '2015-12-07 02:53:04', '2015-12-07 02:53:04', NULL),
(332, 2, NULL, 'ok', NULL, 'Hearth.jpg', '332d58ddc50d2015d2bac99cb016ad6d526.jpeg', 1636214, 'image/jpeg', 1920, 1080, NULL, NULL, '2015-12-07 02:53:37', '2015-12-07 02:53:37', NULL),
(333, 2, NULL, 'ok', NULL, 'Hi5teria.jpg', '333e9cbd9802e26610e97248da97a5ff3be.jpeg', 1732388, 'image/jpeg', 1920, 1080, NULL, NULL, '2015-12-07 02:54:03', '2015-12-07 02:54:03', NULL),
(334, 2, NULL, 'ok', NULL, 'Jakarta%20Undercover.jpg', '334694ecc3c6b2edb007f6236ff7f45335b.jpeg', 1365351, 'image/jpeg', 1920, 1080, NULL, NULL, '2015-12-07 02:54:27', '2015-12-07 02:54:27', NULL),
(335, 2, NULL, 'ok', NULL, 'Karma.jpg', '335acc11e41b2b67275b270ba64c471d8d5.jpeg', 1160000, 'image/jpeg', 1920, 1080, NULL, NULL, '2015-12-07 02:54:57', '2015-12-07 02:54:57', NULL),
(336, 2, NULL, 'ok', NULL, 'Lantai%2013.jpg', '336bf53fbb1a35180e2512a1730b653937a.jpeg', 1176663, 'image/jpeg', 1920, 1080, NULL, NULL, '2015-12-07 02:55:24', '2015-12-07 02:55:24', NULL),
(337, 2, NULL, 'ok', NULL, 'Love%20Is%20Cinta.jpg', '337d3b50a2e4a6ec6e1841917c440596b34.jpeg', 1551392, 'image/jpeg', 1920, 1080, NULL, NULL, '2015-12-07 03:00:26', '2015-12-07 03:00:26', NULL),
(338, 2, NULL, 'ok', NULL, 'Miracle%20-%20jatuh%20dari%20surga.jpg', '338b2ad60a76f7bcec714efec780c044feb.jpeg', 1624458, 'image/jpeg', 1920, 1080, NULL, NULL, '2015-12-07 03:05:53', '2015-12-07 03:05:53', NULL),
(339, 2, NULL, 'ok', NULL, 'Perempuan%20berkalung%20sorban.jpg', '339a0e203a240ee6986202a7be3267fc14d.jpeg', 2119560, 'image/jpeg', 1920, 1080, NULL, NULL, '2015-12-07 03:06:27', '2015-12-07 03:06:27', NULL),
(340, 2, NULL, 'ok', NULL, 'Purple%20Love.jpg', '3406c50451496815da3dd5184888eea8abd.jpeg', 1503030, 'image/jpeg', 1920, 1080, NULL, NULL, '2015-12-07 03:06:57', '2015-12-07 03:06:57', NULL),
(341, 2, NULL, 'ok', NULL, 'Red%20Cobex.jpg', '34134af3ca0ce3e0c4c43fe47017b18a331.jpeg', 1385500, 'image/jpeg', 1920, 1080, NULL, NULL, '2015-12-07 03:07:23', '2015-12-07 03:07:23', NULL),
(342, 2, NULL, 'ok', NULL, 'Tarik%20Jabrik%202.jpg', '342378283861a60b494cefa2da848d59bbf.jpeg', 1953695, 'image/jpeg', 1920, 1080, NULL, NULL, '2015-12-07 03:08:17', '2015-12-07 03:08:17', NULL),
(343, 2, NULL, 'ok', NULL, 'Tarik%20Jabrik.jpg', '343dac6773865d12baca9b413d19a73d56b.jpeg', 1786515, 'image/jpeg', 1920, 1080, NULL, NULL, '2015-12-07 03:09:09', '2015-12-07 03:09:09', NULL),
(344, 2, NULL, 'ok', NULL, 'Virgin%202.jpg', '344c1049ae3d8ebeb0112c19db5872dff0a.jpeg', 1827140, 'image/jpeg', 1920, 1080, NULL, NULL, '2015-12-07 03:09:44', '2015-12-07 03:09:44', NULL),
(345, 2, NULL, 'ok', NULL, 'Virgin%203.jpg', '34521d12f2b6f0d27039729384f659da9db.jpeg', 1469243, 'image/jpeg', 1920, 1080, NULL, NULL, '2015-12-07 03:10:27', '2015-12-07 03:10:27', NULL),
(346, 2, NULL, 'ok', NULL, 'Wakil%20Rakyat.jpg', '346b85046f4a370f201772c5ab1f115f82f.jpeg', 1255603, 'image/jpeg', 1920, 1080, NULL, NULL, '2015-12-07 03:10:56', '2015-12-07 03:10:56', NULL),
(347, 2, NULL, 'ok', NULL, 'Xl%20Extra%20Large.jpg', '34742e4dd397bd36a2af298cf897925a1ad.jpeg', 1413147, 'image/jpeg', 1920, 1080, NULL, NULL, '2015-12-07 03:11:21', '2015-12-07 03:11:21', NULL),
(348, 2, NULL, 'ok', NULL, 'xxl%20double%20extra%20large%20full%20movie.jpg', '3481bd44b1a5adb45abdc0a78e6574b3282.jpeg', 1432151, 'image/jpeg', 1920, 1080, NULL, NULL, '2015-12-07 03:12:07', '2015-12-07 03:12:07', NULL),
(349, 2, NULL, 'ok', NULL, 'Film-18%2B.jpg', '349aeebadc94fc5e759ff10eb7c2f21db8a.jpeg', 65199, 'image/jpeg', 419, 600, NULL, NULL, '2015-12-07 03:36:05', '2015-12-07 03:36:05', NULL),
(350, 2, NULL, 'ok', NULL, '18%2B_Screenshoot.PNG', '350df73f2963e2fb5001fbcf4b3abbae369.png', 1203233, 'image/png', 1595, 636, NULL, NULL, '2015-12-07 03:43:05', '2015-12-07 03:43:05', NULL),
(351, 2, NULL, 'ok', NULL, 'virgin1.jpg', '35138245ba02a6ea6b4477d5e01c88c9cf5.jpeg', 155788, 'image/jpeg', 530, 353, NULL, NULL, '2015-12-07 04:06:17', '2015-12-07 04:06:17', NULL),
(352, 2, NULL, 'ok', NULL, 'kabayan_saba_kota.jpg', '35263e341a2e1adbb48e4831cb558cb5bd8.jpeg', 162737, 'image/jpeg', 1280, 720, NULL, NULL, '2015-12-07 04:09:48', '2015-12-07 04:09:48', NULL),
(353, 2, NULL, 'ok', NULL, 'kabayan_dan_gadis_kota.jpg', '353a889fa72d4756bf2ce940318edffd569.jpeg', 111886, 'image/jpeg', 1280, 720, NULL, NULL, '2015-12-07 04:23:37', '2015-12-07 04:23:37', NULL),
(354, 2, NULL, 'ok', NULL, 'wanita-compressed(1).jpg', '354a3337415cab452b543e4bc1cf2046030.jpeg', 43063, 'image/jpeg', 1504, 881, NULL, NULL, '2015-12-07 04:37:37', '2015-12-07 04:37:37', NULL),
(355, 2, NULL, 'ok', NULL, 'wanita-compressed(1).jpg', '355ac41c57c5e2a0a1ab3c95618db565534.jpeg', 43063, 'image/jpeg', 1504, 881, NULL, NULL, '2015-12-07 05:49:03', '2015-12-07 05:49:03', NULL),
(356, 2, NULL, 'ok', NULL, 'ic_nomad_currency.png', '3569d4d37dbe4686a1e92b2fe5d02938461.png', 1272, 'image/png', 27, 22, NULL, NULL, '2015-12-07 07:35:49', '2015-12-07 07:35:49', NULL),
(357, 2, NULL, 'ok', NULL, 'ic_nomad_currency_black.png', '357f2c2350905706fae898440ed8ccd26ff.png', 1204, 'image/png', 25, 21, NULL, NULL, '2015-12-07 07:37:19', '2015-12-07 07:37:19', NULL),
(358, 2, NULL, 'ok', NULL, 'ic_series.png', '3587d4d3df4f38df12456e9eb7416a390f5.png', 1064, 'image/png', 30, 26, NULL, NULL, '2015-12-07 07:37:48', '2015-12-07 07:37:48', NULL),
(359, 2, NULL, 'ok', NULL, 'ic_kids_activated.png', '3595748debeea42513171142c4c071e67f7.png', 1376, 'image/png', 22, 26, NULL, NULL, '2015-12-07 07:41:28', '2015-12-07 07:41:28', NULL),
(360, 2, NULL, 'ok', NULL, 'ic_horror_activated.png', '3604cad4e5d979edacaf0e8f9a926a8c43e.png', 1451, 'image/png', 32, 26, NULL, NULL, '2015-12-07 07:42:35', '2015-12-07 07:42:35', NULL),
(361, 2, NULL, 'ok', NULL, 'ic_history_activated.png', '361c5a9c60a50e8563ece40d702c9b3e4b0.png', 1392, 'image/png', 26, 28, NULL, NULL, '2015-12-07 07:43:03', '2015-12-07 07:43:03', NULL),
(362, 2, NULL, 'ok', NULL, 'ic_thriller_activated.png', '36216a5aeab888bac6a6093a71f2d1195b9.png', 1223, 'image/png', 30, 23, NULL, NULL, '2015-12-07 07:43:38', '2015-12-07 07:43:38', NULL),
(363, 2, NULL, 'ok', NULL, 'ic_all_normal.png', '363f04d9b2280f806c9125f36f0cb404b44.png', 1099, 'image/png', 25, 25, NULL, NULL, '2015-12-07 07:44:31', '2015-12-07 07:44:31', NULL),
(364, 2, NULL, 'ok', NULL, 'ic_all_activated.png', '364a7adfb077d5c3b4bb77a4cb2455fcd83.png', 1099, 'image/png', 25, 25, NULL, NULL, '2015-12-07 07:44:44', '2015-12-07 07:44:44', NULL),
(365, 2, NULL, 'ok', NULL, 'ic_cooking_activated.png', '365cf0c882f7f91a0f02cd1f92ca7abc259.png', 1153, 'image/png', 26, 26, NULL, NULL, '2015-12-07 07:46:49', '2015-12-07 07:46:49', NULL),
(366, 2, NULL, 'ok', NULL, 'ic_automobile_activated.png', '36672ca8d6ecb4594cc1e3e0e1133e7b01a.png', 1288, 'image/png', 26, 23, NULL, NULL, '2015-12-07 07:47:13', '2015-12-07 07:47:13', NULL),
(367, 2, NULL, 'ok', NULL, 'ic_automobile_normal.png', '367aaf682c5310187d719eb3e52c3ca8478.png', 1340, 'image/png', 27, 24, NULL, NULL, '2015-12-07 07:48:10', '2015-12-07 07:48:10', NULL),
(368, 2, NULL, 'ok', NULL, 'ic_health_normal.png', '368a3dc59f00cb679f876bd6f8d0e473e9c.png', 1270, 'image/png', 26, 21, NULL, NULL, '2015-12-07 07:49:57', '2015-12-07 07:49:57', NULL),
(369, 2, NULL, 'ok', NULL, 'ic_health_activated.png', '369baa51d281ef477ae43d34b6ba097e0ca.png', 1270, 'image/png', 26, 21, NULL, NULL, '2015-12-07 07:51:15', '2015-12-07 07:51:15', NULL),
(370, 2, NULL, 'ok', NULL, 'ic_academic_normal.png', '370c388e94a811b1014a0844f3ce1c3268b.png', 1223, 'image/png', 26, 21, NULL, NULL, '2015-12-07 07:51:52', '2015-12-07 07:51:52', NULL),
(371, 2, NULL, 'ok', NULL, 'ic_academic_activated.png', '371b7c39814122ae8df6dc8e8f3ef6b37bf.png', 1223, 'image/png', 26, 21, NULL, NULL, '2015-12-07 07:52:05', '2015-12-07 07:52:05', NULL),
(372, 2, NULL, 'ok', NULL, 'ic_retail_normal.png', '37261e6ef011c321fa0e40c328676aff477.png', 1329, 'image/png', 27, 25, NULL, NULL, '2015-12-07 07:54:37', '2015-12-07 07:54:37', NULL),
(373, 2, NULL, 'ok', NULL, 'ic_retail_activated.png', '3733d23fcbf7279caf3d5c0fe159937e664.png', 1290, 'image/png', 26, 24, NULL, NULL, '2015-12-07 07:55:23', '2015-12-07 07:55:23', NULL),
(374, 2, NULL, 'ok', NULL, 'ic_technology_normal.png', '37450df08a856f1439b47e1917735883969.png', 1286, 'image/png', 20, 26, NULL, NULL, '2015-12-07 08:01:41', '2015-12-07 08:01:41', NULL),
(375, 2, NULL, 'ok', NULL, 'ic_technology_activated.png', '3759a01f2c51ae3e0a6227b273bef0d03f4.png', 1247, 'image/png', 19, 25, NULL, NULL, '2015-12-07 08:02:07', '2015-12-07 08:02:07', NULL),
(376, 2, NULL, 'ok', NULL, 'ic_food_beverages_normal.png', '37626dc1221887e455b4c1d845e64b7c899.png', 1572, 'image/png', 26, 27, NULL, NULL, '2015-12-07 08:07:32', '2015-12-07 08:07:32', NULL),
(377, 2, NULL, 'ok', NULL, 'ic_food_beverages_activated.png', '377df46fd3d7e34f8581d15a645881a4a46.png', 1464, 'image/png', 26, 26, NULL, NULL, '2015-12-07 08:07:50', '2015-12-07 08:07:50', NULL),
(378, 2, NULL, 'ok', NULL, 'ic_luxury_goods_normal.png', '37848db5358db046503bbb67cacf6a218cd.png', 1275, 'image/png', 22, 24, NULL, NULL, '2015-12-07 08:09:05', '2015-12-07 08:09:05', NULL),
(379, 2, NULL, 'ok', NULL, 'ic_luxury_goods_activated.png', '3790527a88d5b2fe87b6de83da286a76341.png', 1261, 'image/png', 21, 24, NULL, NULL, '2015-12-07 08:09:26', '2015-12-07 08:09:26', NULL),
(380, 2, NULL, 'ok', NULL, 'ic_services_normal.png', '380f8165096da0952b8bf6b81718a798ce7.png', 1221, 'image/png', 26, 24, NULL, NULL, '2015-12-07 08:12:07', '2015-12-07 08:12:07', NULL),
(381, 2, NULL, 'ok', NULL, 'ic_services_activated.png', '38130ea31d8b3c014560fa273ef72029e52.png', 1208, 'image/png', 26, 23, NULL, NULL, '2015-12-07 08:12:24', '2015-12-07 08:12:24', NULL),
(382, 2, NULL, 'ok', NULL, 'ic_fashion_normal.png', '38271255df84cc3357a219f56ac68a5630d.png', 1216, 'image/png', 26, 21, NULL, NULL, '2015-12-07 08:15:31', '2015-12-07 08:15:31', NULL),
(383, 2, NULL, 'ok', NULL, 'ic_fashion_activated.png', '3836e3d5b646eb9ec0554771a5f9776ede0.png', 1166, 'image/png', 25, 20, NULL, NULL, '2015-12-07 08:15:45', '2015-12-07 08:15:45', NULL),
(384, 2, NULL, 'ok', NULL, 'ic_travel_normal.png', '384b4ee173daf16f21e38cefcac27d3df5e.png', 1520, 'image/png', 27, 26, NULL, NULL, '2015-12-07 08:16:47', '2015-12-07 08:16:47', NULL),
(385, 2, NULL, 'ok', NULL, 'ic_travel_activated.png', '385a56020621b48a496407be354327e9eaa.png', 1520, 'image/png', 27, 26, NULL, NULL, '2015-12-07 08:17:10', '2015-12-07 08:17:10', NULL),
(386, 2, NULL, 'ok', NULL, 'ic_event.png', '386a246cc4a7b0d06ca13cb93e0cef77117.png', 1460, 'image/png', 26, 26, NULL, NULL, '2015-12-07 08:19:24', '2015-12-07 08:19:24', NULL),
(387, 2, NULL, 'ok', NULL, 'ic_indonesia_super_league_activated.png', '3870594a8b90f1c66c073b4f1f102e3eb9a.png', 1454, 'image/png', 26, 26, NULL, NULL, '2015-12-07 08:20:35', '2015-12-07 08:20:35', NULL),
(388, 2, NULL, 'ok', NULL, 'ic_music_concert_normal.png', '3880f0db5a302300b28972cf4a59425b8e0.png', 1300, 'image/png', 22, 24, NULL, NULL, '2015-12-07 08:21:08', '2015-12-07 08:21:08', NULL),
(389, 2, NULL, 'ok', NULL, 'ic_music_concert_activated.png', '3898000798b7c3e75335b630a484c2b4c0f.png', 1300, 'image/png', 22, 24, NULL, NULL, '2015-12-07 08:21:26', '2015-12-07 08:21:26', NULL),
(390, 2, NULL, 'ok', NULL, 'ic_seminar_normal.png', '39022d38109a809cf37d9f526e720d3348e.png', 1262, 'image/png', 21, 24, NULL, NULL, '2015-12-07 08:35:42', '2015-12-07 08:35:42', NULL),
(391, 2, NULL, 'ok', NULL, 'ic_seminar_activated.png', '391c8c4873246d2050f0a5d68fb89ea348f.png', 1262, 'image/png', 21, 24, NULL, NULL, '2015-12-07 08:36:07', '2015-12-07 08:36:07', NULL),
(392, 2, NULL, 'ok', NULL, 'ic_cooking_normal.png', '392faca8c24168c1106af1e54eac54d78fb.png', 1153, 'image/png', 26, 26, NULL, NULL, '2015-12-07 08:39:07', '2015-12-07 08:39:07', NULL),
(393, 2, NULL, 'ok', NULL, 'ic_cooking_activated.png', '39368c629c32b7130c32affc96829489dbe.png', 1153, 'image/png', 26, 26, NULL, NULL, '2015-12-07 08:39:22', '2015-12-07 08:39:22', NULL),
(394, 2, NULL, 'ok', NULL, 'ic_festival_normal.png', '394e85be12baf6345d0c8c8fd2eb928d8e9.png', 1291, 'image/png', 24, 22, NULL, NULL, '2015-12-07 08:47:37', '2015-12-07 08:47:37', NULL),
(395, 2, NULL, 'ok', NULL, 'ic_scifi.png', '39526d7156786b50547f08c2621a290e038.png', 1043, 'image/png', 26, 14, NULL, NULL, '2015-12-07 08:49:02', '2015-12-07 08:49:02', NULL),
(396, 2, NULL, 'ok', NULL, 'ic_sports_activated.png', '396bc812a7514c26a2a68e48eb9b714249b.png', 1301, 'image/png', 20, 24, NULL, NULL, '2015-12-07 08:53:24', '2015-12-07 08:53:24', NULL),
(397, 2, NULL, 'ok', NULL, 'image-0-compressed.jpg', '397b5348ded0c069bae289f101b63fa5770.jpeg', 134499, 'image/jpeg', 1920, 1080, NULL, NULL, '2015-12-07 09:59:41', '2015-12-07 09:59:41', NULL),
(398, 2, NULL, 'ok', NULL, 'image-1-compressed.jpg', '3988eabbf07b6dfe932a6ea7717c3b3592a.jpeg', 187837, 'image/jpeg', 1920, 1080, NULL, NULL, '2015-12-07 10:00:11', '2015-12-07 10:00:11', NULL),
(399, 2, NULL, 'ok', NULL, 'image-2-compressed.jpg', '39909c3dcfbd97500334ca604e1f80de128.jpeg', 98554, 'image/jpeg', 1920, 1080, NULL, NULL, '2015-12-07 10:00:46', '2015-12-07 10:00:46', NULL),
(400, 2, NULL, 'ok', NULL, 'image-3-compressed.jpg', '40087b739227af8e872accf420639d110fa.jpeg', 102223, 'image/jpeg', 1920, 1080, NULL, NULL, '2015-12-07 10:01:20', '2015-12-07 10:01:20', NULL),
(401, 2, NULL, 'ok', NULL, 'image-4-compressed.jpg', '401bb7b0a674d4769cf10b7f082813794ff.jpeg', 231610, 'image/jpeg', 1920, 1080, NULL, NULL, '2015-12-07 10:01:42', '2015-12-07 10:01:42', NULL),
(402, 2, NULL, 'ok', NULL, 'image-5-compressed.jpg', '40206f8f64535b9d257d431cc4ce0cf6b4c.jpeg', 76766, 'image/jpeg', 1920, 1080, NULL, NULL, '2015-12-07 10:03:17', '2015-12-07 10:03:17', NULL),
(403, 2, NULL, 'ok', NULL, 'image-6-compressed.jpg', '403ce68aeb825f753190b3c380d1e83605c.jpeg', 103642, 'image/jpeg', 1920, 1080, NULL, NULL, '2015-12-07 10:03:57', '2015-12-07 10:03:57', NULL),
(404, 2, NULL, 'ok', NULL, 'image-7-compressed.jpg', '404b4671b4446548dda1d64781fbf984b0e.jpeg', 109730, 'image/jpeg', 1920, 1080, NULL, NULL, '2015-12-07 10:04:30', '2015-12-07 10:04:30', NULL),
(405, 2, NULL, 'ok', NULL, 'image-8-compressed.jpg', '40563cf88ee2f5c5dab416fe7e89943b1c8.jpeg', 163714, 'image/jpeg', 1920, 1080, NULL, NULL, '2015-12-07 10:04:53', '2015-12-07 10:04:53', NULL),
(406, 2, NULL, 'ok', NULL, 'image-9-compressed.jpg', '4069e7e4a774775154eabb6f8db81d5af42.jpeg', 126005, 'image/jpeg', 1920, 1080, NULL, NULL, '2015-12-07 10:05:22', '2015-12-07 10:05:22', NULL),
(407, 2, NULL, 'ok', NULL, 'image-0-compressed.jpg', '4075e830dab5efedc0a53b8449277421b17.jpeg', 92670, 'image/jpeg', 1920, 1080, NULL, NULL, '2015-12-07 10:05:49', '2015-12-07 10:05:49', NULL),
(408, 2, NULL, 'ok', NULL, 'image-1-compressed.jpg', '408a96b484b32829a2c23ad48cc1b324aa3.jpeg', 167606, 'image/jpeg', 1920, 1080, NULL, NULL, '2015-12-07 10:06:20', '2015-12-07 10:06:20', NULL),
(409, 2, NULL, 'ok', NULL, 'image-2-compressed.jpg', '409f2af685394c6fe9a551f43efefa79a8c.jpeg', 103841, 'image/jpeg', 1920, 1080, NULL, NULL, '2015-12-07 10:06:42', '2015-12-07 10:06:42', NULL),
(410, 2, NULL, 'ok', NULL, 'image-3-compressed.jpg', '410c2ee3db3f24533ac64c04cfe35376f70.jpeg', 51406, 'image/jpeg', 1920, 1080, NULL, NULL, '2015-12-07 10:07:07', '2015-12-07 10:07:07', NULL),
(411, 2, NULL, 'ok', NULL, 'image-4-compressed.jpg', '411573fdf5e3514e8e43ff4f84b3a22d32d.jpeg', 73292, 'image/jpeg', 1920, 1080, NULL, NULL, '2015-12-07 10:08:22', '2015-12-07 10:08:22', NULL),
(412, 2, NULL, 'ok', NULL, 'image-5-compressed.jpg', '412a0fd8e59686b7ab80ff91e83189d997b.jpeg', 154826, 'image/jpeg', 1920, 1080, NULL, NULL, '2015-12-07 10:08:46', '2015-12-07 10:08:46', NULL),
(413, 2, NULL, 'ok', NULL, 'image-6-compressed.jpg', '413cd1f47ca84050d0f9479c2897ada03c6.jpeg', 106869, 'image/jpeg', 1920, 1080, NULL, NULL, '2015-12-07 10:09:25', '2015-12-07 10:09:25', NULL),
(414, 2, NULL, 'ok', NULL, 'image-7-compressed.jpg', '41477183cf492c30c5c7d6658e6ab48ac66.jpeg', 82502, 'image/jpeg', 1920, 1080, NULL, NULL, '2015-12-07 10:09:48', '2015-12-07 10:09:48', NULL),
(415, 2, NULL, 'ok', NULL, 'image-8-compressed.jpg', '4154a3e08ac9aa38e4a14182646f7bb15b4.jpeg', 154648, 'image/jpeg', 1920, 1080, NULL, NULL, '2015-12-07 10:10:31', '2015-12-07 10:10:31', NULL),
(416, 2, NULL, 'ok', NULL, 'image-9-compressed.jpg', '4163aadf7a0b587f1d94d417367f2a958e1.jpeg', 21842, 'image/jpeg', 600, 300, NULL, NULL, '2015-12-07 10:11:00', '2015-12-07 10:11:00', NULL),
(417, 2, NULL, 'ok', NULL, 'image-9-compressed.jpg', '4173ddeb72e8d42b3ed5d56a5c5c9b62adf.jpeg', 21842, 'image/jpeg', 600, 300, NULL, NULL, '2015-12-07 10:11:09', '2015-12-07 10:11:09', NULL),
(418, 2, NULL, 'ok', NULL, 'image-0-compressed.jpg', '418a1ef996ac3586524f8a3e08c19d4332e.jpeg', 61599, 'image/jpeg', 1920, 1080, NULL, NULL, '2015-12-07 10:14:16', '2015-12-07 10:14:16', NULL),
(419, 2, NULL, 'ok', NULL, 'image-1-compressed.jpg', '41927c28f4de05c7298f5351ae08e20c20f.jpeg', 77868, 'image/jpeg', 1920, 1080, NULL, NULL, '2015-12-07 10:14:34', '2015-12-07 10:14:34', NULL),
(420, 2, NULL, 'ok', NULL, 'image-2-compressed.jpg', '42011efab35a67c09dbfc64c84e639a7903.jpeg', 101861, 'image/jpeg', 1920, 1080, NULL, NULL, '2015-12-07 10:14:54', '2015-12-07 10:14:54', NULL),
(421, 2, NULL, 'ok', NULL, 'image-3-compressed.jpg', '42167aed52813aa4a5d0009f20925fb9a7b.jpeg', 156627, 'image/jpeg', 1920, 1080, NULL, NULL, '2015-12-07 10:15:20', '2015-12-07 10:15:20', NULL),
(422, 2, NULL, 'ok', NULL, 'image-4-compressed.jpg', '422450ba9c8b32cb29bb3e15be3bb998b40.jpeg', 64833, 'image/jpeg', 1920, 1080, NULL, NULL, '2015-12-07 10:15:52', '2015-12-07 10:15:52', NULL),
(423, 2, NULL, 'ok', NULL, 'image-5-compressed.jpg', '4230ed4356fea6254976b00a3c9145bffaa.jpeg', 6932, 'image/jpeg', 565, 283, NULL, NULL, '2015-12-07 10:16:16', '2015-12-07 10:16:16', NULL),
(424, 2, NULL, 'ok', NULL, 'image-6-compressed.jpg', '424ef9589ad9dd4953722520ca5a2538cd5.jpeg', 103558, 'image/jpeg', 1920, 1080, NULL, NULL, '2015-12-07 10:17:05', '2015-12-07 10:17:05', NULL),
(425, 2, NULL, 'ok', NULL, 'image-7-compressed.jpg', '425815d2d58435a2968c1f13361e7090c8a.jpeg', 56807, 'image/jpeg', 1920, 1080, NULL, NULL, '2015-12-07 10:17:33', '2015-12-07 10:17:33', NULL),
(426, 2, NULL, 'ok', NULL, 'image-8-compressed.jpg', '4264bcf5e06ff4a4dd1e5f766e5858e0559.jpeg', 97987, 'image/jpeg', 1920, 1080, NULL, NULL, '2015-12-07 10:17:53', '2015-12-07 10:17:53', NULL),
(427, 2, NULL, 'ok', NULL, 'image-9-compressed.jpg', '4277547044440afb1de9a21fd929544343a.jpeg', 109291, 'image/jpeg', 1920, 1080, NULL, NULL, '2015-12-07 10:18:14', '2015-12-07 10:18:14', NULL),
(428, 2, NULL, 'ok', NULL, '45.png', '428fcfa12074d96341322ba5a8cb614a906.png', 370851, 'image/png', 1158, 398, NULL, NULL, '2015-12-08 05:40:56', '2015-12-08 05:40:56', NULL),
(429, 2, NULL, 'ok', NULL, 'album%20kosong.png', '4299ae3afe7c06ddfa37286599582b3cf1a.png', 388667, 'image/png', 921, 283, NULL, NULL, '2015-12-08 05:42:29', '2015-12-08 05:42:29', NULL),
(430, 2, NULL, 'ok', NULL, 'anugerah%20cinta2.jpg', '4303e8026538b402f51c10b3f24c995dec7.jpeg', 25767, 'image/jpeg', 1160, 569, NULL, NULL, '2015-12-08 05:46:16', '2015-12-08 05:46:16', NULL),
(431, 2, NULL, 'ok', NULL, 'dejavu.png', '431934c5c43d0666b2047fb8f7b0d9544d9.png', 11095, 'image/png', 1312, 599, NULL, NULL, '2015-12-08 05:47:33', '2015-12-08 05:47:33', NULL),
(432, 2, NULL, 'ok', NULL, 'dignity480p.jpg', '4329f3322772253b144d5d3a420d27b5930.jpeg', 30179, 'image/jpeg', 1024, 576, NULL, NULL, '2015-12-08 05:49:51', '2015-12-08 05:49:51', NULL),
(433, 2, NULL, 'ok', NULL, 'gengsi.png', '43377a64cdf7419ed8c0dda4dc03d851d19.png', 15841, 'image/png', 1012, 314, NULL, NULL, '2015-12-08 05:51:14', '2015-12-08 05:51:14', NULL),
(434, 2, NULL, 'ok', NULL, 'happiness.jpg', '4342df8bfd4cabbcc82a90c4a7a90762fda.jpeg', 35956, 'image/jpeg', 1339, 607, NULL, NULL, '2015-12-08 05:53:06', '2015-12-08 05:53:06', NULL),
(435, 2, NULL, 'ok', NULL, 'ini%20kita.png', '43573336264fe1def66d66c416dbf8aadde.png', 73342, 'image/png', 1187, 335, NULL, NULL, '2015-12-08 05:54:20', '2015-12-08 05:54:20', NULL),
(436, 2, NULL, 'ok', NULL, 'lola%20saint%20duraint.png', '436cc57ae6ae81fd374914d4b707c70f58f.png', 199422, 'image/png', 1227, 554, NULL, NULL, '2015-12-08 05:55:57', '2015-12-08 05:55:57', NULL),
(437, 2, NULL, 'ok', NULL, 'coffe%20dulu.jpg', '437844b09a9e4bbbf111e8d1530af6ed7c3.jpeg', 28631, 'image/jpeg', 874, 505, NULL, NULL, '2015-12-08 05:58:13', '2015-12-08 05:58:13', NULL),
(438, 2, NULL, 'ok', NULL, 'pandangan%20semu.jpg', '438215defa91634b6a521393e1cfde993f6.jpeg', 23996, 'image/jpeg', 1296, 650, NULL, NULL, '2015-12-08 06:00:04', '2015-12-08 06:00:04', NULL),
(439, 2, NULL, 'ok', NULL, 'perbedaan%20hidup.jpg', '4395269eb63853abaacddec2768f2bef853.jpeg', 37249, 'image/jpeg', 1231, 559, NULL, NULL, '2015-12-08 06:01:37', '2015-12-08 06:01:37', NULL),
(440, 2, NULL, 'ok', NULL, 'permainan%20tradisional.png', '4404bb947e3a6d4324b9f65bd31d78d8130.png', 37713, 'image/png', 1272, 417, NULL, NULL, '2015-12-08 06:02:56', '2015-12-08 06:02:56', NULL),
(441, 2, NULL, 'ok', NULL, 'railway.png', '4417fb09ac0edc11fabb2e421860cf0546a.png', 47285, 'image/png', 1186, 404, NULL, NULL, '2015-12-08 06:05:26', '2015-12-08 06:05:26', NULL),
(442, 2, NULL, 'ok', NULL, 'reality%20of%20life.png', '44264f382d582d3a36f2b512800980b20e6.png', 295338, 'image/png', 1231, 451, NULL, NULL, '2015-12-08 06:06:35', '2015-12-08 06:06:35', NULL),
(443, 2, NULL, 'ok', NULL, 'satu.jpg', '443367aff7ca47b2c82b2f8b565a263456d.jpeg', 11458, 'image/jpeg', 646, 378, NULL, NULL, '2015-12-08 06:08:05', '2015-12-08 06:08:05', NULL),
(444, 2, NULL, 'ok', NULL, 'second%20life.png', '444706737e392b016c362090b94282ab4d0.png', 72844, 'image/png', 1232, 333, NULL, NULL, '2015-12-08 06:09:25', '2015-12-08 06:09:25', NULL),
(445, 2, NULL, 'ok', NULL, 'silensia.jpg', '4452f0b501b8f728773c730ae7d7d28f8d7.jpeg', 18547, 'image/jpeg', 1202, 470, NULL, NULL, '2015-12-08 06:10:58', '2015-12-08 06:10:58', NULL),
(446, 2, NULL, 'ok', NULL, 'tidak%20ada%20yang%20tahu.png', '4466040dec62a27a0e1004d2e37bf29f237.png', 74091, 'image/png', 1233, 437, NULL, NULL, '2015-12-08 06:12:39', '2015-12-08 06:12:39', NULL),
(447, 2, NULL, 'ok', NULL, 'introepic.jpg', '447cbe992d9c7c6b6f8b4c43170a02f2702.jpeg', 810804, 'image/jpeg', 1080, 1920, NULL, NULL, '2015-12-08 09:16:52', '2015-12-08 09:16:52', NULL),
(448, 2, NULL, 'ok', NULL, 'Slide%20Show%205%20Nomad%20Update.jpg', '448d6e1143bcf7f213832e1cdd85af12afd.jpeg', 619363, 'image/jpeg', 360, 360, NULL, NULL, '2015-12-08 10:07:13', '2015-12-08 10:07:13', NULL),
(449, 2, NULL, 'ok', NULL, 'Slide%20Show%204-compressed.jpg', '449075006888249cfa35c4dfc20673b53e4.jpeg', 115198, 'image/jpeg', 1920, 1080, NULL, NULL, '2015-12-08 10:24:20', '2015-12-08 10:24:20', NULL),
(450, 2, NULL, 'ok', NULL, 'Piala%20Maya.jpg', '4502ec2ee794a36c45e4f9973cdc9425841.jpeg', 459861, 'image/jpeg', 600, 337, NULL, NULL, '2015-12-08 10:27:31', '2015-12-08 10:27:31', NULL),
(451, 2, NULL, 'ok', NULL, 'EPIC.jpg', '4513c5436d37061dbe05e4752dfae8f3def.jpeg', 563765, 'image/jpeg', 600, 337, NULL, NULL, '2015-12-08 10:31:33', '2015-12-08 10:31:33', NULL),
(452, 2, NULL, 'ok', NULL, 'Slank.jpg', '4522e1c0ccb6ee96a14d94cd471a90f4b5e.jpeg', 422020, 'image/jpeg', 146, 193, NULL, NULL, '2015-12-08 10:34:05', '2015-12-08 10:34:05', NULL),
(453, 2, NULL, 'ok', NULL, 'Cinta%20Brontosaurus.jpg', '453480e09fa988aa553442083020c3e8e50.jpeg', 431719, 'image/jpeg', 146, 192, NULL, NULL, '2015-12-08 10:35:09', '2015-12-08 10:35:09', NULL),
(454, 2, NULL, 'ok', NULL, 'Manusa%20Setengah%20Salmon.jpg', '454c85a56402879a0fe37600c69441ba955.jpeg', 423791, 'image/jpeg', 146, 192, NULL, NULL, '2015-12-08 10:38:09', '2015-12-08 10:38:09', NULL),
(455, 2, NULL, 'ok', NULL, 'Mitra%20Kukar%20vs%20Bali%20United.jpg', '455fba7cbb8c77084804bb874e479237b6e.jpeg', 411448, 'image/jpeg', 234, 131, NULL, NULL, '2015-12-08 10:38:52', '2015-12-08 10:38:52', NULL),
(456, 2, NULL, 'ok', NULL, 'Bali%20United%20vs%20Mitra%20Kukar.jpg', '456c2270eb9d160a4ad8f0eebe9c850e64c.jpeg', 417279, 'image/jpeg', 234, 131, NULL, NULL, '2015-12-08 10:39:10', '2015-12-08 10:39:10', NULL),
(457, 2, NULL, 'ok', NULL, 'Arteta%20and%20Janice.jpg', '457f77b4409766926e06a1b6d0fa351e559.jpeg', 399518, 'image/jpeg', 234, 131, NULL, NULL, '2015-12-08 10:41:33', '2015-12-08 10:41:33', NULL),
(458, 2, NULL, 'ok', NULL, 'Cerita%20cinta%20Carita.jpg', '4581c88b8e30e37a18b1677235771fa2ae5.jpeg', 390604, 'image/jpeg', 234, 131, NULL, NULL, '2015-12-08 10:42:23', '2015-12-08 10:42:23', NULL),
(459, 2, NULL, 'ok', NULL, 'introepic.jpg', '4596fe86cd94bee9b4e3afcab65e815329b.jpeg', 741512, 'image/jpeg', 1080, 1920, NULL, NULL, '2015-12-08 10:46:53', '2015-12-08 10:46:53', NULL),
(460, 2, NULL, 'ok', NULL, 'Garis-Pembatas.png', '4607bb5cfae8215898da76fce01607669d7.png', 1141, 'image/png', 30, 11, NULL, NULL, '2015-12-08 10:50:12', '2015-12-08 10:50:12', NULL),
(461, 2, NULL, 'ok', NULL, 'eps6artetawithnomadlogo.jpg', '4611c939d691c6befdc19df5767b1e7278e.jpeg', 51516, 'image/jpeg', 1080, 608, NULL, NULL, '2015-12-08 11:38:53', '2015-12-08 11:38:53', NULL),
(462, 2, NULL, 'ok', NULL, 'eps5artetawithnomadlogo.jpg', '462e6892432dbceda3b48fabf04c765e548.jpeg', 116389, 'image/jpeg', 1920, 1080, NULL, NULL, '2015-12-08 11:39:12', '2015-12-08 11:39:12', NULL),
(463, 2, NULL, 'ok', NULL, 'Piala%20maya%20Banner%20Email%20Blast.png', '463c988c763e496c9d51d86944e6d1ac2ad.png', 676515, 'image/png', 600, 337, NULL, NULL, '2015-12-11 10:10:55', '2015-12-11 10:10:55', NULL),
(464, 2, NULL, 'ok', NULL, 'Banner%20Piala%20Maya_1.jpg', '4640019e5860639a7a3277b604688bbe22b.jpeg', 295049, 'image/jpeg', 1920, 1080, NULL, NULL, '2015-12-11 12:47:39', '2015-12-11 12:47:39', NULL),
(465, 2, NULL, 'ok', NULL, 'intro.jpg', '465181cceb3c2ab8a855c948aeb63121f89.jpeg', 451949, 'image/jpeg', 1080, 1920, NULL, NULL, '2015-12-14 09:55:41', '2015-12-14 09:55:41', NULL),
(466, 2, NULL, 'ok', NULL, 'intro.jpg', '4669f3aa5351a41f930eaa40a448408a871.jpeg', 456204, 'image/jpeg', 1080, 1920, NULL, NULL, '2015-12-14 10:28:39', '2015-12-14 10:28:39', NULL),
(467, 2, NULL, 'ok', NULL, 'intro.jpg', '4675b52ae2fb4d95ca5a04bb0829e900695.jpeg', 456204, 'image/jpeg', 1080, 1920, NULL, NULL, '2015-12-14 10:29:51', '2015-12-14 10:29:51', NULL),
(468, 2, NULL, 'ok', NULL, 'tidak_ada_yang_tahu.PNG', '4687fea035cdebbcc5c33f4d2b9140cf4f8.png', 2608364, 'image/png', 1571, 881, NULL, NULL, '2015-12-16 11:22:30', '2015-12-16 11:22:30', NULL),
(469, 2, NULL, 'ok', NULL, 'tidak_ada_yang_tahu.PNG', '469950606e86182d9887069d0f857c70d79.png', 637622, 'image/png', 800, 448, NULL, NULL, '2015-12-16 11:37:02', '2015-12-16 11:37:02', NULL),
(470, 2, NULL, 'ok', NULL, 'silensia_big.PNG', '470bf5d75b7084e5acc763278de7fed90fb.png', 517379, 'image/png', 800, 448, NULL, NULL, '2015-12-16 11:41:32', '2015-12-16 11:41:32', NULL),
(471, 2, NULL, 'ok', NULL, 'second_live.PNG', '47197ad5187c684728d1855f6c120e12e90.png', 108515, 'image/png', 800, 384, NULL, NULL, '2015-12-16 11:44:20', '2015-12-16 11:44:20', NULL),
(472, 2, NULL, 'ok', NULL, 'second_live.PNG', '47211c101f7c04f4c45ceb6a5fa09763260.png', 134681, 'image/png', 800, 445, NULL, NULL, '2015-12-16 11:45:24', '2015-12-16 11:45:24', NULL),
(473, 2, NULL, 'ok', NULL, 'satu.PNG', '47375040fa56c3675d25e13ca4c05eb5a1f.png', 2104298, 'image/png', 1594, 892, NULL, NULL, '2015-12-16 11:48:19', '2015-12-16 11:48:19', NULL),
(474, 2, NULL, 'ok', NULL, 'satu.PNG', '4745ca8039bd5e3e0a27eaf15ff598f7552.png', 506736, 'image/png', 800, 447, NULL, NULL, '2015-12-16 11:49:10', '2015-12-16 11:49:10', NULL),
(475, 2, NULL, 'ok', NULL, 'Selamat%20Hari%20Ibu.jpg', '47584f4bc03d19709b4a501009a5ede47be.jpeg', 322813, 'image/jpeg', 1920, 1080, NULL, NULL, '2015-12-22 07:18:47', '2015-12-22 07:18:47', NULL),
(476, 2, NULL, 'ok', NULL, '20151223011132.jpg', '4762da19cfed53a331d0da29b7744be760d.jpeg', 24884, 'image/jpeg', 512, 512, NULL, NULL, '2015-12-23 09:12:11', '2015-12-23 09:12:11', NULL),
(477, 2, NULL, NULL, NULL, 'nomad%20xmas%20newyear2.jpg', '4773ad9aac4384145c1bfe960166e5fa424.jpeg', 945727, 'image/jpeg', 1600, 1067, NULL, NULL, '2015-12-23 11:00:21', '2015-12-23 11:00:21', NULL),
(478, 2, NULL, 'programmer.jpg', 'Uploaded from nomad movie', 'php6442.tmp', '4781ba3b5eae86329ecd5ccc52e3e68edaf.jpeg', 79733, 'image/jpeg', 726, 508, NULL, NULL, '2016-01-11 08:37:40', '2016-01-11 08:37:40', NULL),
(479, 2, NULL, 'programmer.jpg', 'Uploaded from nomad movie', 'php9755.tmp', '479a036e34d832083046e52fa2e66adbe8d.jpeg', 79733, 'image/jpeg', 726, 508, NULL, NULL, '2016-01-11 08:38:55', '2016-01-11 08:38:55', NULL),
(480, 2, NULL, 'programmer.jpg', 'Uploaded from nomad movie', 'phpE17C.tmp', '48011d2bb974eebaa98e486677cc3f388f7.jpeg', 79733, 'image/jpeg', 726, 508, NULL, NULL, '2016-01-11 08:40:18', '2016-01-11 08:40:18', NULL),
(481, 2, NULL, 'programmer.jpg', 'Uploaded from nomad movie', 'phpF832.tmp', '4814bff32252b969da349509c63b9d60a5e.jpeg', 79733, 'image/jpeg', 726, 508, NULL, NULL, '2016-01-11 08:40:23', '2016-01-11 08:40:23', NULL),
(482, 2, NULL, 'programmer.jpg', 'Uploaded from nomad movie', 'php8784.tmp', '48251428b259f452b8df8e8b54b04ef6c21.jpeg', 79733, 'image/jpeg', 726, 508, NULL, NULL, '2016-01-11 08:41:00', '2016-01-11 08:41:00', NULL),
(483, 2, NULL, 'programmer.jpg', 'Uploaded from nomad movie', 'phpB647.tmp', '483c4403602003f3b00c595a9b4f47375ca.jpeg', 79733, 'image/jpeg', 726, 508, NULL, NULL, '2016-01-11 08:41:12', '2016-01-11 08:41:12', NULL),
(484, 2, NULL, 'programmer.jpg', 'Uploaded from nomad movie', 'phpBEB.tmp', '4845f74b2038127cdf56739786877d6b6f1.jpeg', 79733, 'image/jpeg', 726, 508, NULL, NULL, '2016-01-11 08:41:34', '2016-01-11 08:41:34', NULL),
(485, 2, NULL, 'programmer.jpg', 'Uploaded from nomad movie', 'php7B12.tmp', '485675d63c8646c90e21cf08eb225b3fe42.jpeg', 79733, 'image/jpeg', 726, 508, NULL, NULL, '2016-01-11 08:42:02', '2016-01-11 08:42:02', NULL),
(486, 2, NULL, 'karawaci', NULL, 'karawaci_new.jpg', '486e5b839ed678f6a94c9ee32d1bc3c1d68.jpeg', 835148, 'image/jpeg', 804, 1103, NULL, NULL, '2016-01-12 02:47:02', '2016-01-12 02:47:02', NULL),
(487, 2, NULL, 'karawaci', NULL, 'karawaci.JPG', '487c8e96451264d0f5361af28ba0b2d103e.jpeg', 1517544, 'image/jpeg', 804, 1123, NULL, NULL, '2016-01-12 02:55:45', '2016-01-12 02:55:45', NULL),
(488, 2, NULL, 'ok', NULL, 'karya-anak-bangsa-slider.jpg', '4887a2754f8ef7788745267b3f93c60250f.jpeg', 304526, 'image/jpeg', 804, 452, NULL, NULL, '2016-01-14 06:02:35', '2016-01-14 06:02:35', NULL),
(489, 2, NULL, NULL, NULL, 'Edit.00_10_18_08.Still001.jpg', '4891d4a3abc0f614255d66f4a7b2e5058d3.jpeg', 1083154, 'image/jpeg', 1920, 1080, NULL, NULL, '2016-01-17 15:02:16', '2016-01-17 15:02:16', NULL),
(490, 2, NULL, 'ok', NULL, 'maxresdefault%5B1%5D.jpg', '490ea3790e87626c5365ba8748f0032d20c.jpeg', 84889, 'image/jpeg', 1280, 720, NULL, NULL, '2016-01-21 12:23:17', '2016-01-21 12:23:17', NULL);

-- --------------------------------------------------------

--
-- Table structure for table `image_downloads`
--

CREATE TABLE IF NOT EXISTS `image_downloads` (
  `id` int(11) NOT NULL AUTO_INCREMENT,
  `image_id` int(11) NOT NULL,
  `user_id` int(11) NOT NULL,
  `created_at` timestamp NOT NULL DEFAULT CURRENT_TIMESTAMP,
  `updated_at` timestamp NULL DEFAULT NULL,
  `deleted_at` timestamp NULL DEFAULT NULL,
  PRIMARY KEY (`id`),
  KEY `image_id` (`image_id`),
  KEY `user_id` (`user_id`)
) ENGINE=InnoDB DEFAULT CHARSET=latin1 AUTO_INCREMENT=1 ;

-- --------------------------------------------------------

--
-- Table structure for table `image_likes`
--

CREATE TABLE IF NOT EXISTS `image_likes` (
  `id` int(11) NOT NULL AUTO_INCREMENT,
  `user_id` int(11) NOT NULL,
  `image_id` int(11) NOT NULL,
  `created_at` timestamp NOT NULL DEFAULT CURRENT_TIMESTAMP,
  `updated_at` timestamp NULL DEFAULT NULL,
  `deleted_at` timestamp NULL DEFAULT NULL,
  PRIMARY KEY (`id`),
  KEY `user_id` (`user_id`),
  KEY `image_id` (`image_id`)
) ENGINE=InnoDB  DEFAULT CHARSET=latin1 AUTO_INCREMENT=3 ;

--
-- Dumping data for table `image_likes`
--

INSERT INTO `image_likes` (`id`, `user_id`, `image_id`, `created_at`, `updated_at`, `deleted_at`) VALUES
(2, 1, 1, '2015-03-27 00:33:02', NULL, NULL);

-- --------------------------------------------------------

--
-- Table structure for table `image_pins`
--

CREATE TABLE IF NOT EXISTS `image_pins` (
  `id` int(11) NOT NULL AUTO_INCREMENT,
  `user_id` int(11) NOT NULL,
  `image_id` int(11) NOT NULL,
  `created_at` timestamp NOT NULL DEFAULT CURRENT_TIMESTAMP,
  `updated_at` timestamp NULL DEFAULT NULL,
  `deleted_at` timestamp NULL DEFAULT NULL,
  PRIMARY KEY (`id`),
  KEY `user_id` (`user_id`),
  KEY `image_id` (`image_id`)
) ENGINE=InnoDB  DEFAULT CHARSET=latin1 AUTO_INCREMENT=2 ;

--
-- Dumping data for table `image_pins`
--

INSERT INTO `image_pins` (`id`, `user_id`, `image_id`, `created_at`, `updated_at`, `deleted_at`) VALUES
(1, 2, 2, '2015-03-28 14:12:22', NULL, NULL);

-- --------------------------------------------------------

--
-- Table structure for table `image_tags`
--

CREATE TABLE IF NOT EXISTS `image_tags` (
  `id` int(11) NOT NULL AUTO_INCREMENT,
  `image_id` int(11) NOT NULL,
  `tag_id` int(11) NOT NULL,
  `created_at` timestamp NOT NULL DEFAULT CURRENT_TIMESTAMP,
  `updated_at` timestamp NULL DEFAULT NULL,
  `deleted_at` timestamp NULL DEFAULT NULL,
  PRIMARY KEY (`id`),
  KEY `image_id` (`image_id`),
  KEY `tag_id` (`tag_id`)
) ENGINE=InnoDB  DEFAULT CHARSET=latin1 AUTO_INCREMENT=478 ;

--
-- Dumping data for table `image_tags`
--

INSERT INTO `image_tags` (`id`, `image_id`, `tag_id`, `created_at`, `updated_at`, `deleted_at`) VALUES
(7, 11, 7, '2015-03-29 19:01:07', NULL, NULL),
(8, 11, 8, '2015-03-29 19:01:07', NULL, NULL),
(10, 1, 8, '2015-03-29 19:06:19', NULL, NULL),
(11, 1, 9, '2015-03-29 19:07:16', NULL, NULL),
(12, 12, 7, '2015-03-29 20:14:11', NULL, NULL),
(13, 12, 8, '2015-03-29 20:14:11', NULL, NULL),
(14, 13, 7, '2015-03-29 20:15:20', NULL, NULL),
(15, 13, 8, '2015-03-29 20:15:20', NULL, NULL),
(16, 14, 7, '2015-03-29 20:17:00', NULL, NULL),
(17, 14, 8, '2015-03-29 20:17:00', NULL, NULL),
(18, 67, 7, '2015-08-10 03:42:13', NULL, NULL),
(19, 67, 8, '2015-08-10 03:42:13', NULL, NULL),
(20, 241, 10, '2015-10-06 15:21:29', NULL, NULL),
(21, 241, 8, '2015-10-06 15:21:29', NULL, NULL),
(22, 242, 10, '2015-10-06 16:23:47', NULL, NULL),
(23, 242, 8, '2015-10-06 16:23:47', NULL, NULL),
(24, 243, 11, '2015-10-07 08:33:58', NULL, NULL),
(25, 243, 8, '2015-10-07 08:33:58', NULL, NULL),
(26, 244, 11, '2015-10-07 08:40:23', NULL, NULL),
(27, 244, 8, '2015-10-07 08:40:23', NULL, NULL),
(28, 245, 11, '2015-10-07 08:40:51', NULL, NULL),
(29, 245, 8, '2015-10-07 08:40:51', NULL, NULL),
(30, 246, 11, '2015-10-07 08:41:21', NULL, NULL),
(31, 246, 8, '2015-10-07 08:41:21', NULL, NULL),
(32, 247, 11, '2015-10-07 08:41:51', NULL, NULL),
(33, 247, 8, '2015-10-07 08:41:51', NULL, NULL),
(34, 248, 11, '2015-10-07 08:42:15', NULL, NULL),
(35, 248, 8, '2015-10-07 08:42:15', NULL, NULL),
(36, 249, 11, '2015-10-07 08:42:37', NULL, NULL),
(37, 249, 8, '2015-10-07 08:42:37', NULL, NULL),
(38, 250, 11, '2015-10-07 08:43:04', NULL, NULL),
(39, 250, 8, '2015-10-07 08:43:04', NULL, NULL),
(40, 251, 11, '2015-10-07 08:43:37', NULL, NULL),
(41, 251, 8, '2015-10-07 08:43:37', NULL, NULL),
(42, 252, 11, '2015-10-07 08:44:07', NULL, NULL),
(43, 252, 8, '2015-10-07 08:44:07', NULL, NULL),
(44, 253, 11, '2015-10-07 08:44:31', NULL, NULL),
(45, 253, 8, '2015-10-07 08:44:31', NULL, NULL),
(46, 254, 11, '2015-10-07 08:44:53', NULL, NULL),
(47, 254, 8, '2015-10-07 08:44:53', NULL, NULL),
(48, 255, 11, '2015-10-07 08:45:17', NULL, NULL),
(49, 255, 8, '2015-10-07 08:45:17', NULL, NULL),
(50, 256, 11, '2015-10-07 08:45:46', NULL, NULL),
(51, 256, 8, '2015-10-07 08:45:46', NULL, NULL),
(52, 257, 11, '2015-10-07 09:00:27', NULL, NULL),
(53, 257, 8, '2015-10-07 09:00:27', NULL, NULL),
(54, 258, 7, '2015-10-12 04:20:15', NULL, NULL),
(55, 258, 8, '2015-10-12 04:20:15', NULL, NULL),
(56, 259, 12, '2015-10-16 07:44:24', NULL, NULL),
(57, 259, 8, '2015-10-16 07:44:24', NULL, NULL),
(58, 260, 13, '2015-10-16 07:45:17', NULL, NULL),
(59, 260, 8, '2015-10-16 07:45:17', NULL, NULL),
(60, 261, 14, '2015-10-19 01:11:39', NULL, NULL),
(61, 261, 8, '2015-10-19 01:11:39', NULL, NULL),
(62, 262, 15, '2015-10-21 13:25:13', NULL, NULL),
(63, 262, 8, '2015-10-21 13:25:13', NULL, NULL),
(64, 263, 16, '2015-10-21 13:49:21', NULL, NULL),
(65, 263, 8, '2015-10-21 13:49:21', NULL, NULL),
(66, 264, 17, '2015-10-21 13:59:23', NULL, NULL),
(67, 264, 8, '2015-10-21 13:59:23', NULL, NULL),
(68, 265, 7, '2015-10-25 15:35:36', NULL, NULL),
(69, 265, 8, '2015-10-25 15:35:36', NULL, NULL),
(70, 266, 7, '2015-11-02 02:29:07', NULL, NULL),
(71, 266, 8, '2015-11-02 02:29:07', NULL, NULL),
(72, 267, 7, '2015-11-02 02:56:19', NULL, NULL),
(73, 267, 8, '2015-11-02 02:56:19', NULL, NULL),
(74, 268, 18, '2015-11-02 02:56:36', NULL, NULL),
(75, 268, 8, '2015-11-02 02:56:36', NULL, NULL),
(76, 269, 19, '2015-11-04 04:08:05', NULL, NULL),
(77, 269, 8, '2015-11-04 04:08:05', NULL, NULL),
(78, 274, 20, '2015-11-10 03:21:27', NULL, NULL),
(79, 274, 8, '2015-11-10 03:21:27', NULL, NULL),
(80, 275, 21, '2015-11-18 03:47:34', NULL, NULL),
(81, 275, 8, '2015-11-18 03:47:34', NULL, NULL),
(82, 276, 21, '2015-11-18 03:48:14', NULL, NULL),
(83, 276, 8, '2015-11-18 03:48:14', NULL, NULL),
(84, 277, 21, '2015-11-18 03:49:36', NULL, NULL),
(85, 277, 8, '2015-11-18 03:49:36', NULL, NULL),
(86, 278, 21, '2015-11-18 03:49:59', NULL, NULL),
(87, 278, 8, '2015-11-18 03:49:59', NULL, NULL),
(88, 279, 21, '2015-11-18 03:51:41', NULL, NULL),
(89, 279, 8, '2015-11-18 03:51:41', NULL, NULL),
(90, 280, 21, '2015-11-18 03:52:03', NULL, NULL),
(91, 280, 8, '2015-11-18 03:52:03', NULL, NULL),
(92, 281, 21, '2015-11-18 03:52:19', NULL, NULL),
(93, 281, 8, '2015-11-18 03:52:19', NULL, NULL),
(94, 282, 21, '2015-11-18 03:52:38', NULL, NULL),
(95, 282, 8, '2015-11-18 03:52:38', NULL, NULL),
(96, 283, 21, '2015-11-18 03:53:03', NULL, NULL),
(97, 283, 8, '2015-11-18 03:53:03', NULL, NULL),
(98, 284, 21, '2015-11-18 03:53:34', NULL, NULL),
(99, 284, 8, '2015-11-18 03:53:34', NULL, NULL),
(100, 285, 21, '2015-11-18 05:54:53', NULL, NULL),
(101, 285, 8, '2015-11-18 05:54:53', NULL, NULL),
(102, 286, 7, '2015-11-18 10:11:29', NULL, NULL),
(103, 286, 8, '2015-11-18 10:11:29', NULL, NULL),
(104, 287, 7, '2015-11-18 10:16:06', NULL, NULL),
(105, 287, 8, '2015-11-18 10:16:06', NULL, NULL),
(106, 288, 7, '2015-11-18 10:22:14', NULL, NULL),
(107, 288, 8, '2015-11-18 10:22:14', NULL, NULL),
(108, 289, 7, '2015-11-18 10:28:29', NULL, NULL),
(109, 289, 8, '2015-11-18 10:28:29', NULL, NULL),
(110, 290, 7, '2015-11-18 11:07:19', NULL, NULL),
(111, 290, 8, '2015-11-18 11:07:19', NULL, NULL),
(112, 291, 7, '2015-11-23 06:38:57', NULL, NULL),
(113, 291, 8, '2015-11-23 06:38:57', NULL, NULL),
(114, 292, 7, '2015-11-23 06:41:39', NULL, NULL),
(115, 292, 8, '2015-11-23 06:41:39', NULL, NULL),
(116, 293, 7, '2015-11-24 06:24:21', NULL, NULL),
(117, 293, 8, '2015-11-24 06:24:21', NULL, NULL),
(118, 294, 7, '2015-11-24 06:25:44', NULL, NULL),
(119, 294, 8, '2015-11-24 06:25:44', NULL, NULL),
(120, 295, 7, '2015-11-24 06:26:04', NULL, NULL),
(121, 295, 8, '2015-11-24 06:26:04', NULL, NULL),
(122, 296, 7, '2015-11-24 06:26:24', NULL, NULL),
(123, 296, 8, '2015-11-24 06:26:24', NULL, NULL),
(124, 297, 7, '2015-11-24 06:26:48', NULL, NULL),
(125, 297, 8, '2015-11-24 06:26:48', NULL, NULL),
(126, 298, 7, '2015-11-25 03:04:31', NULL, NULL),
(127, 298, 8, '2015-11-25 03:04:31', NULL, NULL),
(128, 299, 7, '2015-11-25 03:05:10', NULL, NULL),
(129, 299, 8, '2015-11-25 03:05:10', NULL, NULL),
(130, 300, 7, '2015-11-25 03:05:36', NULL, NULL),
(131, 300, 8, '2015-11-25 03:05:36', NULL, NULL),
(132, 301, 7, '2015-11-25 03:05:55', NULL, NULL),
(133, 301, 8, '2015-11-25 03:05:55', NULL, NULL),
(134, 302, 7, '2015-11-25 03:28:43', NULL, NULL),
(135, 302, 8, '2015-11-25 03:28:43', NULL, NULL),
(136, 303, 7, '2015-11-25 08:03:02', NULL, NULL),
(137, 303, 8, '2015-11-25 08:03:02', NULL, NULL),
(138, 304, 7, '2015-11-25 08:04:35', NULL, NULL),
(139, 304, 8, '2015-11-25 08:04:35', NULL, NULL),
(140, 305, 7, '2015-11-25 08:15:21', NULL, NULL),
(141, 305, 8, '2015-11-25 08:15:21', NULL, NULL),
(142, 306, 7, '2015-11-26 02:59:24', NULL, NULL),
(143, 306, 8, '2015-11-26 02:59:24', NULL, NULL),
(144, 307, 7, '2015-11-26 03:38:43', NULL, NULL),
(145, 307, 8, '2015-11-26 03:38:43', NULL, NULL),
(146, 308, 7, '2015-11-26 03:39:31', NULL, NULL),
(147, 308, 8, '2015-11-26 03:39:31', NULL, NULL),
(148, 309, 7, '2015-11-26 03:53:23', NULL, NULL),
(149, 309, 8, '2015-11-26 03:53:23', NULL, NULL),
(150, 310, 7, '2015-11-27 03:57:21', NULL, NULL),
(151, 310, 8, '2015-11-27 03:57:21', NULL, NULL),
(152, 311, 7, '2015-11-27 03:57:44', NULL, NULL),
(153, 311, 8, '2015-11-27 03:57:44', NULL, NULL),
(154, 312, 7, '2015-11-27 03:58:04', NULL, NULL),
(155, 312, 8, '2015-11-27 03:58:04', NULL, NULL),
(156, 320, 7, '2015-12-04 04:00:49', NULL, NULL),
(157, 320, 8, '2015-12-04 04:00:49', NULL, NULL),
(158, 321, 7, '2015-12-04 04:03:48', NULL, NULL),
(159, 321, 8, '2015-12-04 04:03:48', NULL, NULL),
(160, 322, 7, '2015-12-04 04:04:51', NULL, NULL),
(161, 322, 8, '2015-12-04 04:04:51', NULL, NULL),
(162, 323, 7, '2015-12-04 04:05:29', NULL, NULL),
(163, 323, 8, '2015-12-04 04:05:29', NULL, NULL),
(164, 324, 7, '2015-12-04 04:09:41', NULL, NULL),
(165, 324, 8, '2015-12-04 04:09:41', NULL, NULL),
(166, 325, 7, '2015-12-07 02:47:02', NULL, NULL),
(167, 325, 8, '2015-12-07 02:47:02', NULL, NULL),
(168, 326, 7, '2015-12-07 02:49:14', NULL, NULL),
(169, 326, 8, '2015-12-07 02:49:14', NULL, NULL),
(170, 327, 7, '2015-12-07 02:50:05', NULL, NULL),
(171, 327, 8, '2015-12-07 02:50:05', NULL, NULL),
(172, 328, 7, '2015-12-07 02:50:41', NULL, NULL),
(173, 328, 8, '2015-12-07 02:50:41', NULL, NULL),
(174, 329, 7, '2015-12-07 02:51:40', NULL, NULL),
(175, 329, 8, '2015-12-07 02:51:40', NULL, NULL),
(176, 330, 7, '2015-12-07 02:52:21', NULL, NULL),
(177, 330, 8, '2015-12-07 02:52:21', NULL, NULL),
(178, 331, 7, '2015-12-07 02:53:04', NULL, NULL),
(179, 331, 8, '2015-12-07 02:53:04', NULL, NULL),
(180, 332, 7, '2015-12-07 02:53:37', NULL, NULL),
(181, 332, 8, '2015-12-07 02:53:37', NULL, NULL),
(182, 333, 7, '2015-12-07 02:54:03', NULL, NULL),
(183, 333, 8, '2015-12-07 02:54:03', NULL, NULL),
(184, 334, 7, '2015-12-07 02:54:27', NULL, NULL),
(185, 334, 8, '2015-12-07 02:54:27', NULL, NULL),
(186, 335, 7, '2015-12-07 02:54:57', NULL, NULL),
(187, 335, 8, '2015-12-07 02:54:57', NULL, NULL),
(188, 336, 7, '2015-12-07 02:55:24', NULL, NULL),
(189, 336, 8, '2015-12-07 02:55:24', NULL, NULL),
(190, 337, 7, '2015-12-07 03:00:26', NULL, NULL),
(191, 337, 8, '2015-12-07 03:00:26', NULL, NULL),
(192, 338, 7, '2015-12-07 03:05:53', NULL, NULL),
(193, 338, 8, '2015-12-07 03:05:53', NULL, NULL),
(194, 339, 7, '2015-12-07 03:06:27', NULL, NULL),
(195, 339, 8, '2015-12-07 03:06:27', NULL, NULL),
(196, 340, 7, '2015-12-07 03:06:57', NULL, NULL),
(197, 340, 8, '2015-12-07 03:06:57', NULL, NULL),
(198, 341, 7, '2015-12-07 03:07:23', NULL, NULL),
(199, 341, 8, '2015-12-07 03:07:23', NULL, NULL),
(200, 342, 7, '2015-12-07 03:08:17', NULL, NULL),
(201, 342, 8, '2015-12-07 03:08:17', NULL, NULL),
(202, 343, 7, '2015-12-07 03:09:09', NULL, NULL),
(203, 343, 8, '2015-12-07 03:09:09', NULL, NULL),
(204, 344, 7, '2015-12-07 03:09:44', NULL, NULL),
(205, 344, 8, '2015-12-07 03:09:44', NULL, NULL),
(206, 345, 7, '2015-12-07 03:10:27', NULL, NULL),
(207, 345, 8, '2015-12-07 03:10:27', NULL, NULL),
(208, 346, 7, '2015-12-07 03:10:56', NULL, NULL),
(209, 346, 8, '2015-12-07 03:10:56', NULL, NULL),
(210, 347, 7, '2015-12-07 03:11:21', NULL, NULL),
(211, 347, 8, '2015-12-07 03:11:21', NULL, NULL),
(212, 348, 7, '2015-12-07 03:12:07', NULL, NULL),
(213, 348, 8, '2015-12-07 03:12:07', NULL, NULL),
(214, 349, 7, '2015-12-07 03:36:05', NULL, NULL),
(215, 349, 8, '2015-12-07 03:36:05', NULL, NULL),
(216, 350, 7, '2015-12-07 03:43:05', NULL, NULL),
(217, 350, 8, '2015-12-07 03:43:05', NULL, NULL),
(218, 351, 7, '2015-12-07 04:06:17', NULL, NULL),
(219, 351, 8, '2015-12-07 04:06:17', NULL, NULL),
(220, 352, 7, '2015-12-07 04:09:48', NULL, NULL),
(221, 352, 8, '2015-12-07 04:09:48', NULL, NULL),
(222, 353, 7, '2015-12-07 04:23:37', NULL, NULL),
(223, 353, 8, '2015-12-07 04:23:37', NULL, NULL),
(224, 354, 7, '2015-12-07 04:37:37', NULL, NULL),
(225, 354, 8, '2015-12-07 04:37:37', NULL, NULL),
(226, 355, 7, '2015-12-07 05:49:03', NULL, NULL),
(227, 355, 8, '2015-12-07 05:49:03', NULL, NULL),
(228, 356, 7, '2015-12-07 07:35:49', NULL, NULL),
(229, 356, 8, '2015-12-07 07:35:49', NULL, NULL),
(230, 357, 7, '2015-12-07 07:37:19', NULL, NULL),
(231, 357, 8, '2015-12-07 07:37:19', NULL, NULL),
(232, 358, 7, '2015-12-07 07:37:48', NULL, NULL),
(233, 358, 8, '2015-12-07 07:37:48', NULL, NULL),
(234, 359, 7, '2015-12-07 07:41:28', NULL, NULL),
(235, 359, 8, '2015-12-07 07:41:28', NULL, NULL),
(236, 360, 7, '2015-12-07 07:42:35', NULL, NULL),
(237, 360, 8, '2015-12-07 07:42:35', NULL, NULL),
(238, 361, 7, '2015-12-07 07:43:03', NULL, NULL),
(239, 361, 8, '2015-12-07 07:43:03', NULL, NULL),
(240, 362, 7, '2015-12-07 07:43:38', NULL, NULL),
(241, 362, 8, '2015-12-07 07:43:38', NULL, NULL),
(242, 363, 7, '2015-12-07 07:44:31', NULL, NULL),
(243, 363, 8, '2015-12-07 07:44:31', NULL, NULL),
(244, 364, 7, '2015-12-07 07:44:44', NULL, NULL),
(245, 364, 8, '2015-12-07 07:44:44', NULL, NULL),
(246, 365, 7, '2015-12-07 07:46:49', NULL, NULL),
(247, 365, 8, '2015-12-07 07:46:49', NULL, NULL),
(248, 366, 7, '2015-12-07 07:47:13', NULL, NULL),
(249, 366, 8, '2015-12-07 07:47:13', NULL, NULL),
(250, 367, 7, '2015-12-07 07:48:10', NULL, NULL),
(251, 367, 8, '2015-12-07 07:48:10', NULL, NULL),
(252, 368, 7, '2015-12-07 07:49:57', NULL, NULL),
(253, 368, 8, '2015-12-07 07:49:57', NULL, NULL),
(254, 369, 7, '2015-12-07 07:51:15', NULL, NULL),
(255, 369, 8, '2015-12-07 07:51:15', NULL, NULL),
(256, 370, 7, '2015-12-07 07:51:52', NULL, NULL),
(257, 370, 8, '2015-12-07 07:51:52', NULL, NULL),
(258, 371, 7, '2015-12-07 07:52:05', NULL, NULL),
(259, 371, 8, '2015-12-07 07:52:05', NULL, NULL),
(260, 372, 7, '2015-12-07 07:54:37', NULL, NULL),
(261, 372, 8, '2015-12-07 07:54:37', NULL, NULL),
(262, 373, 7, '2015-12-07 07:55:23', NULL, NULL),
(263, 373, 8, '2015-12-07 07:55:23', NULL, NULL),
(264, 374, 7, '2015-12-07 08:01:41', NULL, NULL),
(265, 374, 8, '2015-12-07 08:01:41', NULL, NULL),
(266, 375, 7, '2015-12-07 08:02:07', NULL, NULL),
(267, 375, 8, '2015-12-07 08:02:07', NULL, NULL),
(268, 376, 7, '2015-12-07 08:07:32', NULL, NULL),
(269, 376, 8, '2015-12-07 08:07:32', NULL, NULL),
(270, 377, 7, '2015-12-07 08:07:50', NULL, NULL),
(271, 377, 8, '2015-12-07 08:07:50', NULL, NULL),
(272, 378, 7, '2015-12-07 08:09:05', NULL, NULL),
(273, 378, 8, '2015-12-07 08:09:05', NULL, NULL),
(274, 379, 7, '2015-12-07 08:09:26', NULL, NULL),
(275, 379, 8, '2015-12-07 08:09:26', NULL, NULL),
(276, 380, 7, '2015-12-07 08:12:07', NULL, NULL),
(277, 380, 8, '2015-12-07 08:12:07', NULL, NULL),
(278, 381, 7, '2015-12-07 08:12:24', NULL, NULL),
(279, 381, 8, '2015-12-07 08:12:24', NULL, NULL),
(280, 382, 7, '2015-12-07 08:15:31', NULL, NULL),
(281, 382, 8, '2015-12-07 08:15:31', NULL, NULL),
(282, 383, 7, '2015-12-07 08:15:45', NULL, NULL),
(283, 383, 8, '2015-12-07 08:15:45', NULL, NULL),
(284, 384, 7, '2015-12-07 08:16:47', NULL, NULL),
(285, 384, 8, '2015-12-07 08:16:47', NULL, NULL),
(286, 385, 7, '2015-12-07 08:17:10', NULL, NULL),
(287, 385, 8, '2015-12-07 08:17:10', NULL, NULL),
(288, 386, 7, '2015-12-07 08:19:24', NULL, NULL),
(289, 386, 8, '2015-12-07 08:19:24', NULL, NULL),
(290, 387, 7, '2015-12-07 08:20:35', NULL, NULL),
(291, 387, 8, '2015-12-07 08:20:35', NULL, NULL),
(292, 388, 7, '2015-12-07 08:21:08', NULL, NULL),
(293, 388, 8, '2015-12-07 08:21:08', NULL, NULL),
(294, 389, 7, '2015-12-07 08:21:26', NULL, NULL),
(295, 389, 8, '2015-12-07 08:21:26', NULL, NULL),
(296, 390, 7, '2015-12-07 08:35:42', NULL, NULL),
(297, 390, 8, '2015-12-07 08:35:42', NULL, NULL),
(298, 391, 7, '2015-12-07 08:36:07', NULL, NULL),
(299, 391, 8, '2015-12-07 08:36:07', NULL, NULL),
(300, 392, 7, '2015-12-07 08:39:07', NULL, NULL),
(301, 392, 8, '2015-12-07 08:39:07', NULL, NULL),
(302, 393, 7, '2015-12-07 08:39:22', NULL, NULL),
(303, 393, 8, '2015-12-07 08:39:22', NULL, NULL),
(304, 394, 7, '2015-12-07 08:47:37', NULL, NULL),
(305, 394, 8, '2015-12-07 08:47:37', NULL, NULL),
(306, 395, 7, '2015-12-07 08:49:02', NULL, NULL),
(307, 395, 8, '2015-12-07 08:49:02', NULL, NULL),
(308, 396, 7, '2015-12-07 08:53:24', NULL, NULL),
(309, 396, 8, '2015-12-07 08:53:24', NULL, NULL),
(310, 397, 7, '2015-12-07 09:59:41', NULL, NULL),
(311, 397, 8, '2015-12-07 09:59:41', NULL, NULL),
(312, 398, 7, '2015-12-07 10:00:11', NULL, NULL),
(313, 398, 8, '2015-12-07 10:00:11', NULL, NULL),
(314, 399, 7, '2015-12-07 10:00:46', NULL, NULL),
(315, 399, 8, '2015-12-07 10:00:46', NULL, NULL),
(316, 400, 7, '2015-12-07 10:01:20', NULL, NULL),
(317, 400, 8, '2015-12-07 10:01:20', NULL, NULL),
(318, 401, 7, '2015-12-07 10:01:42', NULL, NULL),
(319, 401, 8, '2015-12-07 10:01:42', NULL, NULL),
(320, 402, 7, '2015-12-07 10:03:17', NULL, NULL),
(321, 402, 8, '2015-12-07 10:03:17', NULL, NULL),
(322, 403, 7, '2015-12-07 10:03:57', NULL, NULL),
(323, 403, 8, '2015-12-07 10:03:57', NULL, NULL),
(324, 404, 7, '2015-12-07 10:04:30', NULL, NULL),
(325, 404, 8, '2015-12-07 10:04:30', NULL, NULL),
(326, 405, 7, '2015-12-07 10:04:53', NULL, NULL),
(327, 405, 8, '2015-12-07 10:04:53', NULL, NULL),
(328, 406, 7, '2015-12-07 10:05:22', NULL, NULL),
(329, 406, 8, '2015-12-07 10:05:22', NULL, NULL),
(330, 407, 7, '2015-12-07 10:05:49', NULL, NULL),
(331, 407, 8, '2015-12-07 10:05:49', NULL, NULL),
(332, 408, 7, '2015-12-07 10:06:20', NULL, NULL),
(333, 408, 8, '2015-12-07 10:06:20', NULL, NULL),
(334, 409, 7, '2015-12-07 10:06:42', NULL, NULL),
(335, 409, 8, '2015-12-07 10:06:42', NULL, NULL),
(336, 410, 7, '2015-12-07 10:07:07', NULL, NULL),
(337, 410, 8, '2015-12-07 10:07:07', NULL, NULL),
(338, 411, 7, '2015-12-07 10:08:22', NULL, NULL),
(339, 411, 8, '2015-12-07 10:08:22', NULL, NULL),
(340, 412, 7, '2015-12-07 10:08:46', NULL, NULL),
(341, 412, 8, '2015-12-07 10:08:46', NULL, NULL),
(342, 413, 7, '2015-12-07 10:09:25', NULL, NULL),
(343, 413, 8, '2015-12-07 10:09:25', NULL, NULL),
(344, 414, 7, '2015-12-07 10:09:48', NULL, NULL),
(345, 414, 8, '2015-12-07 10:09:48', NULL, NULL),
(346, 415, 7, '2015-12-07 10:10:31', NULL, NULL),
(347, 415, 8, '2015-12-07 10:10:31', NULL, NULL),
(348, 416, 7, '2015-12-07 10:11:00', NULL, NULL),
(349, 416, 8, '2015-12-07 10:11:00', NULL, NULL),
(350, 417, 7, '2015-12-07 10:11:09', NULL, NULL),
(351, 417, 8, '2015-12-07 10:11:09', NULL, NULL),
(352, 418, 7, '2015-12-07 10:14:16', NULL, NULL),
(353, 418, 8, '2015-12-07 10:14:16', NULL, NULL),
(354, 419, 7, '2015-12-07 10:14:34', NULL, NULL),
(355, 419, 8, '2015-12-07 10:14:34', NULL, NULL),
(356, 420, 7, '2015-12-07 10:14:54', NULL, NULL),
(357, 420, 8, '2015-12-07 10:14:54', NULL, NULL),
(358, 421, 7, '2015-12-07 10:15:20', NULL, NULL),
(359, 421, 8, '2015-12-07 10:15:20', NULL, NULL),
(360, 422, 7, '2015-12-07 10:15:52', NULL, NULL),
(361, 422, 8, '2015-12-07 10:15:52', NULL, NULL),
(362, 423, 7, '2015-12-07 10:16:16', NULL, NULL),
(363, 423, 8, '2015-12-07 10:16:16', NULL, NULL),
(364, 424, 7, '2015-12-07 10:17:05', NULL, NULL),
(365, 424, 8, '2015-12-07 10:17:05', NULL, NULL),
(366, 425, 7, '2015-12-07 10:17:33', NULL, NULL),
(367, 425, 8, '2015-12-07 10:17:33', NULL, NULL),
(368, 426, 7, '2015-12-07 10:17:53', NULL, NULL),
(369, 426, 8, '2015-12-07 10:17:53', NULL, NULL),
(370, 427, 7, '2015-12-07 10:18:14', NULL, NULL),
(371, 427, 8, '2015-12-07 10:18:14', NULL, NULL),
(372, 428, 7, '2015-12-08 05:40:56', NULL, NULL),
(373, 428, 8, '2015-12-08 05:40:56', NULL, NULL),
(374, 429, 7, '2015-12-08 05:42:29', NULL, NULL),
(375, 429, 8, '2015-12-08 05:42:29', NULL, NULL),
(376, 430, 7, '2015-12-08 05:46:16', NULL, NULL),
(377, 430, 8, '2015-12-08 05:46:16', NULL, NULL),
(378, 431, 7, '2015-12-08 05:47:33', NULL, NULL),
(379, 431, 8, '2015-12-08 05:47:33', NULL, NULL),
(380, 432, 7, '2015-12-08 05:49:51', NULL, NULL),
(381, 432, 8, '2015-12-08 05:49:51', NULL, NULL),
(382, 433, 7, '2015-12-08 05:51:14', NULL, NULL),
(383, 433, 8, '2015-12-08 05:51:14', NULL, NULL),
(384, 434, 7, '2015-12-08 05:53:06', NULL, NULL),
(385, 434, 8, '2015-12-08 05:53:06', NULL, NULL),
(386, 435, 7, '2015-12-08 05:54:20', NULL, NULL),
(387, 435, 8, '2015-12-08 05:54:20', NULL, NULL),
(388, 436, 7, '2015-12-08 05:55:57', NULL, NULL),
(389, 436, 8, '2015-12-08 05:55:57', NULL, NULL),
(390, 437, 7, '2015-12-08 05:58:13', NULL, NULL),
(391, 437, 8, '2015-12-08 05:58:13', NULL, NULL),
(392, 438, 7, '2015-12-08 06:00:04', NULL, NULL),
(393, 438, 8, '2015-12-08 06:00:04', NULL, NULL),
(394, 439, 7, '2015-12-08 06:01:37', NULL, NULL),
(395, 439, 8, '2015-12-08 06:01:37', NULL, NULL),
(396, 440, 7, '2015-12-08 06:02:56', NULL, NULL),
(397, 440, 8, '2015-12-08 06:02:56', NULL, NULL),
(398, 441, 7, '2015-12-08 06:05:26', NULL, NULL),
(399, 441, 8, '2015-12-08 06:05:26', NULL, NULL),
(400, 442, 7, '2015-12-08 06:06:35', NULL, NULL),
(401, 442, 8, '2015-12-08 06:06:35', NULL, NULL),
(402, 443, 7, '2015-12-08 06:08:05', NULL, NULL),
(403, 443, 8, '2015-12-08 06:08:05', NULL, NULL),
(404, 444, 7, '2015-12-08 06:09:25', NULL, NULL),
(405, 444, 8, '2015-12-08 06:09:25', NULL, NULL),
(406, 445, 7, '2015-12-08 06:10:58', NULL, NULL),
(407, 445, 8, '2015-12-08 06:10:58', NULL, NULL),
(408, 446, 7, '2015-12-08 06:12:39', NULL, NULL),
(409, 446, 8, '2015-12-08 06:12:39', NULL, NULL),
(410, 447, 7, '2015-12-08 09:16:52', NULL, NULL),
(411, 447, 8, '2015-12-08 09:16:52', NULL, NULL),
(412, 448, 7, '2015-12-08 10:07:13', NULL, NULL),
(413, 448, 8, '2015-12-08 10:07:13', NULL, NULL),
(414, 449, 7, '2015-12-08 10:24:20', NULL, NULL),
(415, 449, 8, '2015-12-08 10:24:20', NULL, NULL),
(416, 450, 7, '2015-12-08 10:27:31', NULL, NULL),
(417, 450, 8, '2015-12-08 10:27:31', NULL, NULL),
(418, 451, 7, '2015-12-08 10:31:33', NULL, NULL),
(419, 451, 8, '2015-12-08 10:31:33', NULL, NULL),
(420, 452, 7, '2015-12-08 10:34:05', NULL, NULL),
(421, 452, 8, '2015-12-08 10:34:05', NULL, NULL),
(422, 453, 7, '2015-12-08 10:35:09', NULL, NULL),
(423, 453, 8, '2015-12-08 10:35:09', NULL, NULL),
(424, 454, 7, '2015-12-08 10:38:09', NULL, NULL),
(425, 454, 8, '2015-12-08 10:38:09', NULL, NULL),
(426, 455, 7, '2015-12-08 10:38:52', NULL, NULL),
(427, 455, 8, '2015-12-08 10:38:52', NULL, NULL),
(428, 456, 7, '2015-12-08 10:39:10', NULL, NULL),
(429, 456, 8, '2015-12-08 10:39:10', NULL, NULL),
(430, 457, 7, '2015-12-08 10:41:33', NULL, NULL),
(431, 457, 8, '2015-12-08 10:41:33', NULL, NULL),
(432, 458, 7, '2015-12-08 10:42:23', NULL, NULL),
(433, 458, 8, '2015-12-08 10:42:23', NULL, NULL),
(434, 459, 7, '2015-12-08 10:46:53', NULL, NULL),
(435, 459, 8, '2015-12-08 10:46:53', NULL, NULL),
(436, 460, 7, '2015-12-08 10:50:12', NULL, NULL),
(437, 460, 8, '2015-12-08 10:50:12', NULL, NULL),
(438, 461, 7, '2015-12-08 11:38:53', NULL, NULL),
(439, 461, 8, '2015-12-08 11:38:53', NULL, NULL),
(440, 462, 7, '2015-12-08 11:39:12', NULL, NULL),
(441, 462, 8, '2015-12-08 11:39:12', NULL, NULL),
(442, 463, 7, '2015-12-11 10:10:55', NULL, NULL),
(443, 463, 8, '2015-12-11 10:10:55', NULL, NULL),
(444, 464, 7, '2015-12-11 12:47:39', NULL, NULL),
(445, 464, 8, '2015-12-11 12:47:39', NULL, NULL),
(446, 465, 7, '2015-12-14 09:55:41', NULL, NULL),
(447, 465, 8, '2015-12-14 09:55:41', NULL, NULL),
(448, 466, 7, '2015-12-14 10:28:39', NULL, NULL),
(449, 466, 8, '2015-12-14 10:28:39', NULL, NULL),
(450, 467, 7, '2015-12-14 10:29:51', NULL, NULL),
(451, 467, 8, '2015-12-14 10:29:51', NULL, NULL),
(452, 468, 7, '2015-12-16 11:22:30', NULL, NULL),
(453, 468, 8, '2015-12-16 11:22:30', NULL, NULL),
(454, 469, 7, '2015-12-16 11:37:02', NULL, NULL),
(455, 469, 8, '2015-12-16 11:37:02', NULL, NULL),
(456, 470, 7, '2015-12-16 11:41:32', NULL, NULL),
(457, 470, 8, '2015-12-16 11:41:32', NULL, NULL),
(458, 471, 7, '2015-12-16 11:44:20', NULL, NULL),
(459, 471, 8, '2015-12-16 11:44:20', NULL, NULL),
(460, 472, 7, '2015-12-16 11:45:24', NULL, NULL),
(461, 472, 8, '2015-12-16 11:45:24', NULL, NULL),
(462, 473, 7, '2015-12-16 11:48:19', NULL, NULL),
(463, 473, 8, '2015-12-16 11:48:19', NULL, NULL),
(464, 474, 7, '2015-12-16 11:49:10', NULL, NULL),
(465, 474, 8, '2015-12-16 11:49:10', NULL, NULL),
(466, 475, 7, '2015-12-22 07:18:47', NULL, NULL),
(467, 475, 8, '2015-12-22 07:18:47', NULL, NULL),
(468, 476, 7, '2015-12-23 09:12:11', NULL, NULL),
(469, 476, 8, '2015-12-23 09:12:11', NULL, NULL),
(470, 486, 22, '2016-01-12 02:47:02', NULL, NULL),
(471, 486, 23, '2016-01-12 02:47:02', NULL, NULL),
(472, 487, 22, '2016-01-12 02:55:45', NULL, NULL),
(473, 487, 23, '2016-01-12 02:55:45', NULL, NULL),
(474, 488, 7, '2016-01-14 06:02:35', NULL, NULL),
(475, 488, 8, '2016-01-14 06:02:35', NULL, NULL),
(476, 490, 7, '2016-01-21 12:23:17', NULL, NULL),
(477, 490, 8, '2016-01-21 12:23:17', NULL, NULL);

-- --------------------------------------------------------

--
-- Table structure for table `image_views`
--

CREATE TABLE IF NOT EXISTS `image_views` (
  `id` int(11) NOT NULL AUTO_INCREMENT,
  `image_id` int(11) NOT NULL,
  `user_id` int(11) NOT NULL,
  `created_at` timestamp NOT NULL DEFAULT CURRENT_TIMESTAMP,
  `updated_at` timestamp NULL DEFAULT NULL,
  `deleted_at` timestamp NULL DEFAULT NULL,
  PRIMARY KEY (`id`),
  KEY `image_id` (`image_id`),
  KEY `user_id` (`user_id`)
) ENGINE=InnoDB  DEFAULT CHARSET=latin1 AUTO_INCREMENT=7 ;

--
-- Dumping data for table `image_views`
--

INSERT INTO `image_views` (`id`, `image_id`, `user_id`, `created_at`, `updated_at`, `deleted_at`) VALUES
(1, 1, 1, '2015-03-26 22:45:55', NULL, NULL),
(2, 1, 2, '2015-03-26 22:45:55', NULL, NULL),
(3, 2, 1, '2015-03-26 22:46:09', NULL, NULL),
(4, 2, 1, '2015-03-26 22:46:09', NULL, NULL),
(5, 2, 1, '2015-03-26 22:46:18', NULL, NULL),
(6, 2, 1, '2015-03-26 22:46:18', NULL, NULL);

-- --------------------------------------------------------

--
-- Table structure for table `permission`
--

CREATE TABLE IF NOT EXISTS `permission` (
  `id` int(11) NOT NULL AUTO_INCREMENT,
  `name` varchar(255) NOT NULL,
  `created_at` timestamp NOT NULL DEFAULT CURRENT_TIMESTAMP,
  `updated_at` timestamp NULL DEFAULT NULL,
  `deleted_at` timestamp NULL DEFAULT NULL,
  PRIMARY KEY (`id`)
) ENGINE=InnoDB DEFAULT CHARSET=latin1 AUTO_INCREMENT=1 ;

-- --------------------------------------------------------

--
-- Table structure for table `privileges`
--

CREATE TABLE IF NOT EXISTS `privileges` (
  `id` int(11) NOT NULL AUTO_INCREMENT,
  `name` varchar(255) NOT NULL,
  `created_at` timestamp NOT NULL DEFAULT CURRENT_TIMESTAMP,
  `updated_at` timestamp NULL DEFAULT NULL,
  `deleted_at` timestamp NULL DEFAULT NULL,
  PRIMARY KEY (`id`)
) ENGINE=InnoDB  DEFAULT CHARSET=latin1 AUTO_INCREMENT=2 ;

--
-- Dumping data for table `privileges`
--

INSERT INTO `privileges` (`id`, `name`, `created_at`, `updated_at`, `deleted_at`) VALUES
(1, 'Administrator', '2015-03-22 01:36:48', NULL, NULL);

-- --------------------------------------------------------

--
-- Table structure for table `privilege_permissions`
--

CREATE TABLE IF NOT EXISTS `privilege_permissions` (
  `id` int(11) NOT NULL AUTO_INCREMENT,
  `privilege_id` int(11) NOT NULL,
  `permission_id` int(11) NOT NULL,
  `created_at` timestamp NOT NULL DEFAULT CURRENT_TIMESTAMP,
  `updated_at` timestamp NULL DEFAULT NULL,
  `deleted_at` timestamp NULL DEFAULT NULL,
  PRIMARY KEY (`id`),
  KEY `privilege_id` (`privilege_id`),
  KEY `permission_id` (`permission_id`)
) ENGINE=InnoDB DEFAULT CHARSET=latin1 AUTO_INCREMENT=1 ;

-- --------------------------------------------------------

--
-- Table structure for table `tags`
--

CREATE TABLE IF NOT EXISTS `tags` (
  `id` int(11) NOT NULL AUTO_INCREMENT,
  `name` varchar(255) NOT NULL,
  `created_at` timestamp NOT NULL DEFAULT CURRENT_TIMESTAMP,
  `updated_at` timestamp NULL DEFAULT NULL,
  `deleted_at` timestamp NULL DEFAULT NULL,
  PRIMARY KEY (`id`)
) ENGINE=InnoDB  DEFAULT CHARSET=latin1 AUTO_INCREMENT=24 ;

--
-- Dumping data for table `tags`
--

INSERT INTO `tags` (`id`, `name`, `created_at`, `updated_at`, `deleted_at`) VALUES
(7, 'dummy', '2015-03-29 12:01:07', '2015-03-29 12:01:07', NULL),
(8, '2015', '2015-03-29 12:01:07', '2015-03-29 12:01:07', NULL),
(9, 'masterpiece', '2015-03-29 12:07:16', '2015-03-29 12:07:16', NULL),
(10, 'series', '2015-10-06 15:21:29', '2015-10-06 15:21:29', NULL),
(11, 'nomad', '2015-10-07 08:33:58', '2015-10-07 08:33:58', NULL),
(12, 'artetaepisode1', '2015-10-16 07:44:24', '2015-10-16 07:44:24', NULL),
(13, 'artetaepisode2', '2015-10-16 07:45:17', '2015-10-16 07:45:17', NULL),
(14, 'london', '2015-10-19 01:11:39', '2015-10-19 01:11:39', NULL),
(15, 'extralarge', '2015-10-21 13:25:13', '2015-10-21 13:25:13', NULL),
(16, 'karma', '2015-10-21 13:49:21', '2015-10-21 13:49:21', NULL),
(17, 'loveiscinta', '2015-10-21 13:59:23', '2015-10-21 13:59:23', NULL),
(18, 'ep6', '2015-11-02 02:56:36', '2015-11-02 02:56:36', NULL),
(19, 'icmovie', '2015-11-04 04:08:05', '2015-11-04 04:08:05', NULL),
(20, 'arteta7', '2015-11-10 03:21:27', '2015-11-10 03:21:27', NULL),
(21, 'logo', '2015-11-18 03:47:34', '2015-11-18 03:47:34', NULL),
(22, 'karawaci', '2016-01-12 02:47:02', '2016-01-12 02:47:02', NULL),
(23, '2016', '2016-01-12 02:47:02', '2016-01-12 02:47:02', NULL);

-- --------------------------------------------------------

--
-- Table structure for table `users`
--

CREATE TABLE IF NOT EXISTS `users` (
  `id` int(11) NOT NULL AUTO_INCREMENT,
  `fb_id` text NOT NULL,
  `username` varchar(255) NOT NULL,
  `password` varchar(255) NOT NULL,
  `email` varchar(255) NOT NULL,
  `name` varchar(255) NOT NULL,
  `image_name` varchar(255) DEFAULT NULL,
  `image_url` varchar(255) DEFAULT NULL,
  `image_size` varchar(45) DEFAULT NULL,
  `image_mime` varchar(45) DEFAULT NULL,
  `remember_token` varchar(100) DEFAULT NULL,
  `privilege_id` int(11) NOT NULL DEFAULT '1',
  `last_login` timestamp NULL DEFAULT NULL,
  `last_seen` timestamp NULL DEFAULT NULL,
  `created_at` timestamp NULL DEFAULT CURRENT_TIMESTAMP,
  `updated_at` timestamp NULL DEFAULT NULL,
  `deleted_at` timestamp NULL DEFAULT NULL,
  PRIMARY KEY (`id`),
  KEY `user_privilege_id` (`privilege_id`),
  KEY `privilege_id` (`privilege_id`)
) ENGINE=InnoDB  DEFAULT CHARSET=latin1 AUTO_INCREMENT=8 ;

--
-- Dumping data for table `users`
--

INSERT INTO `users` (`id`, `fb_id`, `username`, `password`, `email`, `name`, `image_name`, `image_url`, `image_size`, `image_mime`, `remember_token`, `privilege_id`, `last_login`, `last_seen`, `created_at`, `updated_at`, `deleted_at`) VALUES
(1, '', 'admin', 'a', 'admin@icodea.com', 'Administrator', NULL, NULL, NULL, NULL, NULL, 1, NULL, NULL, '2015-03-22 01:37:06', NULL, NULL),
(2, '', 'febri', 'a', 'febri@icodea.com', 'Muhammad Febriansyah', NULL, NULL, NULL, NULL, NULL, 1, NULL, NULL, '2015-03-26 22:44:52', '2015-03-29 08:21:47', NULL),
(3, '', 'lala', '', 'lala@icodea.com', 'lala', NULL, NULL, NULL, NULL, NULL, 1, NULL, NULL, '2015-03-29 07:47:34', '2015-03-29 07:47:34', NULL),
(4, '', 'lalaa', '', 'lalaa@icodea.com', '', NULL, NULL, NULL, NULL, NULL, 1, NULL, NULL, '2015-03-29 07:47:44', '2015-03-29 07:47:44', NULL),
(5, '', 'lalaaa', '', 'lalaaa@icodea.com', '', NULL, NULL, NULL, NULL, NULL, 1, NULL, NULL, '2015-03-29 07:57:57', '2015-03-29 07:57:57', NULL),
(6, '', '', '', '', '', NULL, NULL, NULL, NULL, NULL, 1, NULL, NULL, '2015-03-29 08:08:32', '2015-03-29 08:08:32', NULL),
(7, '', '', '', '', '', NULL, NULL, NULL, NULL, NULL, 1, NULL, NULL, '2015-03-29 08:08:36', '2015-03-29 08:08:36', NULL);

--
-- Constraints for dumped tables
--

--
-- Constraints for table `images`
--
ALTER TABLE `images`
  ADD CONSTRAINT `images_ibfk_1` FOREIGN KEY (`user_id`) REFERENCES `users` (`id`),
  ADD CONSTRAINT `images_ibfk_3` FOREIGN KEY (`album_id`) REFERENCES `albums` (`id`);

--
-- Constraints for table `image_downloads`
--
ALTER TABLE `image_downloads`
  ADD CONSTRAINT `image_downloads_ibfk_1` FOREIGN KEY (`image_id`) REFERENCES `images` (`id`) ON DELETE CASCADE ON UPDATE CASCADE,
  ADD CONSTRAINT `image_downloads_ibfk_2` FOREIGN KEY (`user_id`) REFERENCES `users` (`id`) ON DELETE CASCADE ON UPDATE CASCADE;

--
-- Constraints for table `image_likes`
--
ALTER TABLE `image_likes`
  ADD CONSTRAINT `image_likes_ibfk_1` FOREIGN KEY (`user_id`) REFERENCES `users` (`id`) ON DELETE CASCADE ON UPDATE CASCADE,
  ADD CONSTRAINT `image_likes_ibfk_2` FOREIGN KEY (`image_id`) REFERENCES `images` (`id`) ON DELETE CASCADE ON UPDATE CASCADE;

--
-- Constraints for table `image_pins`
--
ALTER TABLE `image_pins`
  ADD CONSTRAINT `image_pins_ibfk_1` FOREIGN KEY (`user_id`) REFERENCES `users` (`id`) ON DELETE CASCADE ON UPDATE CASCADE,
  ADD CONSTRAINT `image_pins_ibfk_2` FOREIGN KEY (`image_id`) REFERENCES `images` (`id`) ON DELETE CASCADE ON UPDATE CASCADE;

--
-- Constraints for table `image_tags`
--
ALTER TABLE `image_tags`
  ADD CONSTRAINT `image_tags_ibfk_1` FOREIGN KEY (`image_id`) REFERENCES `images` (`id`) ON DELETE CASCADE ON UPDATE CASCADE,
  ADD CONSTRAINT `image_tags_ibfk_2` FOREIGN KEY (`tag_id`) REFERENCES `tags` (`id`) ON DELETE CASCADE ON UPDATE CASCADE;

--
-- Constraints for table `image_views`
--
ALTER TABLE `image_views`
  ADD CONSTRAINT `image_views_ibfk_1` FOREIGN KEY (`image_id`) REFERENCES `images` (`id`) ON DELETE CASCADE ON UPDATE CASCADE,
  ADD CONSTRAINT `image_views_ibfk_2` FOREIGN KEY (`user_id`) REFERENCES `users` (`id`) ON DELETE CASCADE ON UPDATE CASCADE;

--
-- Constraints for table `privilege_permissions`
--
ALTER TABLE `privilege_permissions`
  ADD CONSTRAINT `privilege_permissions_ibfk_1` FOREIGN KEY (`privilege_id`) REFERENCES `privileges` (`id`) ON DELETE CASCADE ON UPDATE CASCADE,
  ADD CONSTRAINT `privilege_permissions_ibfk_2` FOREIGN KEY (`permission_id`) REFERENCES `permission` (`id`) ON DELETE CASCADE ON UPDATE CASCADE;

--
-- Constraints for table `users`
--
ALTER TABLE `users`
  ADD CONSTRAINT `users_ibfk_2` FOREIGN KEY (`privilege_id`) REFERENCES `privileges` (`id`);

/*!40101 SET CHARACTER_SET_CLIENT=@OLD_CHARACTER_SET_CLIENT */;
/*!40101 SET CHARACTER_SET_RESULTS=@OLD_CHARACTER_SET_RESULTS */;
/*!40101 SET COLLATION_CONNECTION=@OLD_COLLATION_CONNECTION */;
